Gene	r_cogn_global	p_cogn_global	r_pseudotime	p_pseudotime	r_cogng_demog_slope	p_cogng_demog_slope	r_motor10_demog_slope	p_motor10_demog_slope	r_sqrt_parksc_demog_slope	p_sqrt_parksc_demog_slope	max_abs_r	module_id	module_type	selection_rank	selected_by	cluster_id	therapeutic_selection_score	target_category_score	n_any_therapeutic_category	n_Alzheimer_evidence	n_known_drug_target	n_kinase	n_GPCR	n_ion_channel	representative_target_genes	representative_ad_genes
ME_M10	-0.09624278896341773	0.3217595683272272	0.03902670536715144	0.6884121103484493	-0.05848870161145892	0.5476570694190599	-0.2292604236692191	0.01700028369125156	-0.023145061511977753	0.8120645111172319	0.2292604236692191	10	CT	1	therapeutic_targets	10	1585.9166666666667	500	263	238	100	18	3	4	CD33(known_drug_target;Alzheimer_evidence);GRN(Alzheimer_evidence);TREM2(receptor;known_drug_target;Alzheimer_evidence);PLCG2(enzyme;known_drug_target;Alzheimer_evidence);MS4A6A(Alzheimer_evidence);CDK1(kinase;enzyme;known_drug_target;Alzheimer_evidence);AURKA(kinase;enzyme;known_drug_target;Alzheimer_evidence);INPP5D(enzyme;known_drug_target;Alzheimer_evidence);TGFBR1(kinase;enzyme;receptor;known_drug_target;Alzheimer_evidence);ABI3(Alzheimer_evidence);ATP8B4(enzyme;known_drug_target;Alzheimer_evidence);SPI1(transcription_factor;Alzheimer_evidence);CSF1R(kinase;enzyme;receptor;known_drug_target;Alzheimer_evidence);SCIMP(Alzheimer_evidence);PTGS1(enzyme;known_drug_target;Alzheimer_evidence);RIN3(Alzheimer_evidence);HAVCR2(receptor;known_drug_target;Alzheimer_evidence);PIK3R6(kinase;enzyme;known_drug_target;Alzheimer_evidence);NFATC2(Alzheimer_evidence);TLR5(receptor;known_drug_target;Alzheimer_evidence);ARHGAP15(Alzheimer_evidence);FBP1(enzyme;Alzheimer_evidence);APOC1(Alzheimer_evidence);PIK3CG(kinase;enzyme;known_drug_target;Alzheimer_evidence);MS4A4A(Alzheimer_evidence)	CD33(known_drug_target;Alzheimer_evidence);GRN(Alzheimer_evidence);TREM2(receptor;known_drug_target;Alzheimer_evidence);PLCG2(enzyme;known_drug_target;Alzheimer_evidence);MS4A6A(Alzheimer_evidence);CDK1(kinase;enzyme;known_drug_target;Alzheimer_evidence);AURKA(kinase;enzyme;known_drug_target;Alzheimer_evidence);INPP5D(enzyme;known_drug_target;Alzheimer_evidence);TGFBR1(kinase;enzyme;receptor;known_drug_target;Alzheimer_evidence);ABI3(Alzheimer_evidence);ATP8B4(enzyme;known_drug_target;Alzheimer_evidence);SPI1(transcription_factor;Alzheimer_evidence);CSF1R(kinase;enzyme;receptor;known_drug_target;Alzheimer_evidence);SCIMP(Alzheimer_evidence);PTGS1(enzyme;known_drug_target;Alzheimer_evidence);RIN3(Alzheimer_evidence);HAVCR2(receptor;known_drug_target;Alzheimer_evidence);PIK3R6(kinase;enzyme;known_drug_target;Alzheimer_evidence);NFATC2(Alzheimer_evidence);TLR5(receptor;known_drug_target;Alzheimer_evidence)
ME_M11	-0.10250893728931401	0.29110895047189805	0.09380557544007544	0.33422241087345494	-0.08673422511938772	0.372090920117757	-0.1338601976779865	0.1672318684662721	-0.10980909746428877	0.25792220900011725	0.1338601976779865	11	CT	2	therapeutic_targets	11	2250.935096153846	705	365	342	144	24	4	5	CD33(known_drug_target;Alzheimer_evidence);GRN(Alzheimer_evidence);TREM2(receptor;known_drug_target;Alzheimer_evidence);CLU(known_drug_target;Alzheimer_evidence);PLCG2(enzyme;known_drug_target;Alzheimer_evidence);MS4A6A(Alzheimer_evidence);CTSB(enzyme;known_drug_target;Alzheimer_evidence);TGFBR2(kinase;enzyme;receptor;known_drug_target;Alzheimer_evidence);TGFBR1(kinase;enzyme;receptor;known_drug_target;Alzheimer_evidence);ABI3(Alzheimer_evidence);ATP8B4(enzyme;known_drug_target;Alzheimer_evidence);SPI1(transcription_factor;Alzheimer_evidence);TSPO(known_drug_target;Alzheimer_evidence);USP6NL(Alzheimer_evidence);SCIMP(Alzheimer_evidence);PTGS1(enzyme;known_drug_target;Alzheimer_evidence);LRRC25(Alzheimer_evidence);MGAT1(enzyme;Alzheimer_evidence);RIN3(Alzheimer_evidence);HAVCR2(receptor;known_drug_target;Alzheimer_evidence);IL6R(receptor;known_drug_target;Alzheimer_evidence);LIPG(known_drug_target;Alzheimer_evidence);ITPKB(kinase;enzyme;known_drug_target;Alzheimer_evidence);GPX1(enzyme;Alzheimer_evidence);TLR5(receptor;known_drug_target;Alzheimer_evidence)	CD33(known_drug_target;Alzheimer_evidence);GRN(Alzheimer_evidence);TREM2(receptor;known_drug_target;Alzheimer_evidence);CLU(known_drug_target;Alzheimer_evidence);PLCG2(enzyme;known_drug_target;Alzheimer_evidence);MS4A6A(Alzheimer_evidence);CTSB(enzyme;known_drug_target;Alzheimer_evidence);TGFBR2(kinase;enzyme;receptor;known_drug_target;Alzheimer_evidence);TGFBR1(kinase;enzyme;receptor;known_drug_target;Alzheimer_evidence);ABI3(Alzheimer_evidence);ATP8B4(enzyme;known_drug_target;Alzheimer_evidence);SPI1(transcription_factor;Alzheimer_evidence);TSPO(known_drug_target;Alzheimer_evidence);USP6NL(Alzheimer_evidence);SCIMP(Alzheimer_evidence);PTGS1(enzyme;known_drug_target;Alzheimer_evidence);LRRC25(Alzheimer_evidence);MGAT1(enzyme;Alzheimer_evidence);RIN3(Alzheimer_evidence);HAVCR2(receptor;known_drug_target;Alzheimer_evidence)
ME_M28	-0.04230352470878239	0.6637727990717402	-0.052444051868757766	0.5898565906355088	0.07203164958679197	0.45879809870265165	-0.1034125142253236	0.28685441323013	-0.08840574867892764	0.3629111356567235	0.1034125142253236	28	CT	3	therapeutic_targets	28	1723.529262086514	559	307	278	83	26	3	2	CDK4(kinase;enzyme;known_drug_target;Alzheimer_evidence);NR1H2(nuclear_receptor;receptor;known_drug_target;Alzheimer_evidence);CDK12(kinase;enzyme;known_drug_target;Alzheimer_evidence);CTSB(enzyme;known_drug_target;Alzheimer_evidence);COPB2(Alzheimer_evidence);PPP1R15B(enzyme;Alzheimer_evidence);RSL24D1(Alzheimer_evidence);PTPN12(enzyme;receptor;Alzheimer_evidence);DHX15(Alzheimer_evidence);IPO7(Alzheimer_evidence);CALR(Alzheimer_evidence);TSPAN14(Alzheimer_evidence);CLK3(kinase;enzyme;known_drug_target;Alzheimer_evidence);RELA(transcription_factor;known_drug_target;Alzheimer_evidence);JUN(transcription_factor;Alzheimer_evidence);NGLY1(enzyme;Alzheimer_evidence);NFKB2(transcription_factor;known_drug_target;Alzheimer_evidence);MPRIP(enzyme;Alzheimer_evidence);ADORA2B(receptor;known_drug_target;Alzheimer_evidence);PANK3(kinase;enzyme;Alzheimer_evidence);SLC22A23(transporter;known_drug_target;Alzheimer_evidence);PRKD2(kinase;enzyme;known_drug_target;Alzheimer_evidence);MAP3K11(kinase;enzyme;known_drug_target;Alzheimer_evidence);CREM(Alzheimer_evidence);PIK3CG(kinase;enzyme;known_drug_target;Alzheimer_evidence)	CDK4(kinase;enzyme;known_drug_target;Alzheimer_evidence);NR1H2(nuclear_receptor;receptor;known_drug_target;Alzheimer_evidence);CDK12(kinase;enzyme;known_drug_target;Alzheimer_evidence);CTSB(enzyme;known_drug_target;Alzheimer_evidence);COPB2(Alzheimer_evidence);PPP1R15B(enzyme;Alzheimer_evidence);RSL24D1(Alzheimer_evidence);PTPN12(enzyme;receptor;Alzheimer_evidence);DHX15(Alzheimer_evidence);IPO7(Alzheimer_evidence);CALR(Alzheimer_evidence);TSPAN14(Alzheimer_evidence);CLK3(kinase;enzyme;known_drug_target;Alzheimer_evidence);RELA(transcription_factor;known_drug_target;Alzheimer_evidence);JUN(transcription_factor;Alzheimer_evidence);NGLY1(enzyme;Alzheimer_evidence);NFKB2(transcription_factor;known_drug_target;Alzheimer_evidence);MPRIP(enzyme;Alzheimer_evidence);ADORA2B(receptor;known_drug_target;Alzheimer_evidence);PANK3(kinase;enzyme;Alzheimer_evidence)
ME_M31	-0.10341799508842178	0.2868287332429859	-0.07748117511459886	0.42542917984904144	0.04628534966653032	0.6343099274661999	-0.0864031693699698	0.3739257253595876	-0.1424415348703127	0.1414045678793164	0.1424415348703127	31	CT	4	therapeutic_targets	31	1907.888888888889	608	358	324	90	13	2	4	CDKN2B(kinase;enzyme;Alzheimer_evidence);HEATR1(Alzheimer_evidence);SQLE(enzyme;known_drug_target;Alzheimer_evidence);ADRA1B(known_drug_target;Alzheimer_evidence);NOX4(enzyme;known_drug_target;Alzheimer_evidence);CDC25A(enzyme;Alzheimer_evidence);LMNB1(Alzheimer_evidence);ATF5(transcription_factor;Alzheimer_evidence);DNPEP(enzyme;known_drug_target;Alzheimer_evidence);PNO1(Alzheimer_evidence);MTHFD1L(enzyme;Alzheimer_evidence);PPP4R1(enzyme;Alzheimer_evidence);LIPG(known_drug_target;Alzheimer_evidence);PTGFR(receptor;known_drug_target;Alzheimer_evidence);AOPEP(enzyme;known_drug_target;Alzheimer_evidence);NUP88(Alzheimer_evidence);CNOT12(Alzheimer_evidence);CALU(Alzheimer_evidence);TNIP1(Alzheimer_evidence);ARPC2(Alzheimer_evidence);SEC24C(Alzheimer_evidence);PLK3(kinase;enzyme;known_drug_target;Alzheimer_evidence);EPRS1(enzyme;Alzheimer_evidence);SPRY4(Alzheimer_evidence);EEA1(transcription_factor;Alzheimer_evidence)	CDKN2B(kinase;enzyme;Alzheimer_evidence);HEATR1(Alzheimer_evidence);SQLE(enzyme;known_drug_target;Alzheimer_evidence);ADRA1B(known_drug_target;Alzheimer_evidence);NOX4(enzyme;known_drug_target;Alzheimer_evidence);CDC25A(enzyme;Alzheimer_evidence);LMNB1(Alzheimer_evidence);ATF5(transcription_factor;Alzheimer_evidence);DNPEP(enzyme;known_drug_target;Alzheimer_evidence);PNO1(Alzheimer_evidence);MTHFD1L(enzyme;Alzheimer_evidence);PPP4R1(enzyme;Alzheimer_evidence);LIPG(known_drug_target;Alzheimer_evidence);PTGFR(receptor;known_drug_target;Alzheimer_evidence);AOPEP(enzyme;known_drug_target;Alzheimer_evidence);NUP88(Alzheimer_evidence);CNOT12(Alzheimer_evidence);CALU(Alzheimer_evidence);TNIP1(Alzheimer_evidence);ARPC2(Alzheimer_evidence)
ME_M34	-0.07456180971248871	0.44312851758439503	-0.03899081841900651	0.6886838258571825	0.1408619447361613	0.1459165919534294	0.0015422301960783692	0.9873613691921116	-0.10206584005771548	0.29321050360494333	0.1408619447361613	34	CT	5	therapeutic_targets	34	1882.3368869936037	611	344	301	98	23	2	3	ADAM10(enzyme;known_drug_target;Alzheimer_evidence);CDK12(kinase;enzyme;known_drug_target;Alzheimer_evidence);CLK2(kinase;enzyme;known_drug_target;Alzheimer_evidence);HEATR1(Alzheimer_evidence);PTPN12(enzyme;receptor;Alzheimer_evidence);PPARG(receptor;known_drug_target;Alzheimer_evidence);CTSL(enzyme;known_drug_target;Alzheimer_evidence);PVR(known_drug_target;Alzheimer_evidence);HIC1(transcription_factor;Alzheimer_evidence);HES4(transcription_factor;Alzheimer_evidence);PPP4R1(enzyme;Alzheimer_evidence);VEGFC(known_drug_target;Alzheimer_evidence);CHRNA2(ion_channel;receptor;known_drug_target;Alzheimer_evidence);PPP1CA(enzyme;known_drug_target;Alzheimer_evidence);NCOR2(nuclear_receptor;receptor;Alzheimer_evidence);WNT2(known_drug_target;Alzheimer_evidence);CEP170(Alzheimer_evidence);CSNK2A2(kinase;enzyme;known_drug_target;Alzheimer_evidence);CORO1C(Alzheimer_evidence);CCRL2(receptor;known_drug_target;Alzheimer_evidence);ATP10D(enzyme;known_drug_target;Alzheimer_evidence);SYNE2(Alzheimer_evidence);MAP3K11(kinase;enzyme;known_drug_target;Alzheimer_evidence);CREM(Alzheimer_evidence);ZNF800(transcription_factor;Alzheimer_evidence)	ADAM10(enzyme;known_drug_target;Alzheimer_evidence);CDK12(kinase;enzyme;known_drug_target;Alzheimer_evidence);CLK2(kinase;enzyme;known_drug_target;Alzheimer_evidence);HEATR1(Alzheimer_evidence);PTPN12(enzyme;receptor;Alzheimer_evidence);PPARG(receptor;known_drug_target;Alzheimer_evidence);CTSL(enzyme;known_drug_target;Alzheimer_evidence);PVR(known_drug_target;Alzheimer_evidence);HIC1(transcription_factor;Alzheimer_evidence);HES4(transcription_factor;Alzheimer_evidence);PPP4R1(enzyme;Alzheimer_evidence);VEGFC(known_drug_target;Alzheimer_evidence);CHRNA2(ion_channel;receptor;known_drug_target;Alzheimer_evidence);PPP1CA(enzyme;known_drug_target;Alzheimer_evidence);NCOR2(nuclear_receptor;receptor;Alzheimer_evidence);WNT2(known_drug_target;Alzheimer_evidence);CEP170(Alzheimer_evidence);CSNK2A2(kinase;enzyme;known_drug_target;Alzheimer_evidence);CORO1C(Alzheimer_evidence);CCRL2(receptor;known_drug_target;Alzheimer_evidence)
ME_M35	-0.039693247627726094	0.6833726696043242	-0.11196283430474223	0.24864611965573793	0.061684602241749376	0.5259566878394171	-0.05995581350332958	0.5376413020166001	-0.09695761336188514	0.31816174181710705	0.11196283430474223	35	CT	6	therapeutic_targets	35	1391.1440443213296	455	262	223	67	20	1	3	PI4KB(kinase;enzyme;known_drug_target;Alzheimer_evidence);HEATR1(Alzheimer_evidence);COPB2(Alzheimer_evidence);NUP205(Alzheimer_evidence);PTPN12(enzyme;receptor;Alzheimer_evidence);DHX15(Alzheimer_evidence);PPARG(receptor;known_drug_target;Alzheimer_evidence);ESR2(receptor;known_drug_target;Alzheimer_evidence);SLC35C1(transporter;known_drug_target;Alzheimer_evidence);CDYL(Alzheimer_evidence);MTFR1(Alzheimer_evidence);PPP1CB(enzyme;Alzheimer_evidence);CMPK1(kinase;enzyme;Alzheimer_evidence);FOXM1(transcription_factor;Alzheimer_evidence);NSUN4(Alzheimer_evidence);GATAD2A(transcription_factor;Alzheimer_evidence);SLC39A7(transporter;known_drug_target;Alzheimer_evidence);IVNS1ABP(Alzheimer_evidence);PMFBP1(Alzheimer_evidence);ABL2(kinase;enzyme;receptor;known_drug_target;Alzheimer_evidence);NFAT5(Alzheimer_evidence);SMPD2(enzyme;known_drug_target;Alzheimer_evidence);CHD1(Alzheimer_evidence);CAPZA2(Alzheimer_evidence);CKS1B(kinase;enzyme;Alzheimer_evidence)	PI4KB(kinase;enzyme;known_drug_target;Alzheimer_evidence);HEATR1(Alzheimer_evidence);COPB2(Alzheimer_evidence);NUP205(Alzheimer_evidence);PTPN12(enzyme;receptor;Alzheimer_evidence);DHX15(Alzheimer_evidence);PPARG(receptor;known_drug_target;Alzheimer_evidence);ESR2(receptor;known_drug_target;Alzheimer_evidence);SLC35C1(transporter;known_drug_target;Alzheimer_evidence);CDYL(Alzheimer_evidence);MTFR1(Alzheimer_evidence);PPP1CB(enzyme;Alzheimer_evidence);CMPK1(kinase;enzyme;Alzheimer_evidence);FOXM1(transcription_factor;Alzheimer_evidence);NSUN4(Alzheimer_evidence);GATAD2A(transcription_factor;Alzheimer_evidence);SLC39A7(transporter;known_drug_target;Alzheimer_evidence);IVNS1ABP(Alzheimer_evidence);PMFBP1(Alzheimer_evidence);ABL2(kinase;enzyme;receptor;known_drug_target;Alzheimer_evidence)
ME_M86	-0.019931744595889127	0.837769941340359	0.049075809432654	0.6139941701180948	-0.027952432732263575	0.7739851232963798	-0.0228631170974111	0.8143124168734251	-0.06984313310789336	0.4725951245743825	0.06984313310789336	86	CT	7	therapeutic_targets	86	1538.8966565349544	475	275	265	72	13	2	1	CDKN2B(kinase;enzyme;Alzheimer_evidence);COPB1(Alzheimer_evidence);COPB2(Alzheimer_evidence);SEC13(Alzheimer_evidence);NUP205(Alzheimer_evidence);DIMT1(enzyme;Alzheimer_evidence);RIPK1(kinase;enzyme;receptor;known_drug_target;Alzheimer_evidence);NECTIN2(Alzheimer_evidence);BTF3(transcription_factor;Alzheimer_evidence);LMNA(Alzheimer_evidence);CAPN1(enzyme;known_drug_target;Alzheimer_evidence);NFKB2(transcription_factor;known_drug_target;Alzheimer_evidence);ABCC9(transporter;known_drug_target;Alzheimer_evidence);SPPL2A(enzyme;Alzheimer_evidence);MVP(Alzheimer_evidence);ECE1(enzyme;known_drug_target;Alzheimer_evidence);RRM2B(enzyme;known_drug_target;Alzheimer_evidence);STAT3(transcription_factor;known_drug_target;Alzheimer_evidence);TFPI(enzyme;known_drug_target;Alzheimer_evidence);GSTO1(enzyme;known_drug_target;Alzheimer_evidence);ANXA2(Alzheimer_evidence);TAF1(transcription_factor;known_drug_target;Alzheimer_evidence);STK3(kinase;enzyme;known_drug_target;Alzheimer_evidence);MACF1(Alzheimer_evidence);VCP(Alzheimer_evidence)	CDKN2B(kinase;enzyme;Alzheimer_evidence);COPB1(Alzheimer_evidence);COPB2(Alzheimer_evidence);SEC13(Alzheimer_evidence);NUP205(Alzheimer_evidence);DIMT1(enzyme;Alzheimer_evidence);RIPK1(kinase;enzyme;receptor;known_drug_target;Alzheimer_evidence);NECTIN2(Alzheimer_evidence);BTF3(transcription_factor;Alzheimer_evidence);LMNA(Alzheimer_evidence);CAPN1(enzyme;known_drug_target;Alzheimer_evidence);NFKB2(transcription_factor;known_drug_target;Alzheimer_evidence);ABCC9(transporter;known_drug_target;Alzheimer_evidence);SPPL2A(enzyme;Alzheimer_evidence);MVP(Alzheimer_evidence);ECE1(enzyme;known_drug_target;Alzheimer_evidence);RRM2B(enzyme;known_drug_target;Alzheimer_evidence);STAT3(transcription_factor;known_drug_target;Alzheimer_evidence);TFPI(enzyme;known_drug_target;Alzheimer_evidence);GSTO1(enzyme;known_drug_target;Alzheimer_evidence)
ME_M119	0.17506613394536855	0.06995644281353791	0.09934386346012056	0.3063402570650477	0.039937532954356245	0.6815291953892206	-0.053530734288804574	0.5821621996202432	0.18024283049259618	0.06194892653469651	0.18024283049259618	119	CT	8	therapeutic_targets	119	1973.379310344828	653	372	332	83	19	5	3	SORL1(receptor;Alzheimer_evidence);MTMR3(enzyme;transcription_factor;Alzheimer_evidence);FADS2(enzyme;Alzheimer_evidence);GM2A(Alzheimer_evidence);BMP2K(kinase;enzyme;known_drug_target;Alzheimer_evidence);EGFR(kinase;enzyme;receptor;known_drug_target;Alzheimer_evidence);PRDX1(Alzheimer_evidence);ACP5(enzyme;Alzheimer_evidence);NFIB(Alzheimer_evidence);NME4(kinase;enzyme;Alzheimer_evidence);TEAD1(transcription_factor;known_drug_target;Alzheimer_evidence);ADGRA3(GPCR;receptor;known_drug_target;Alzheimer_evidence);WWOX(enzyme;Alzheimer_evidence);DDAH1(enzyme;known_drug_target;Alzheimer_evidence);SH3BGRL(Alzheimer_evidence);TP53INP1(Alzheimer_evidence);HNF4G(known_drug_target;Alzheimer_evidence);ADH5(enzyme;Alzheimer_evidence);ALDH9A1(enzyme;known_drug_target;Alzheimer_evidence);DIAPH3(Alzheimer_evidence);NFIA(Alzheimer_evidence);RAB31(Alzheimer_evidence);ASCC1(Alzheimer_evidence);ACVR2B(receptor;known_drug_target;Alzheimer_evidence);PTPRF(enzyme;receptor;known_drug_target;Alzheimer_evidence)	SORL1(receptor;Alzheimer_evidence);MTMR3(enzyme;transcription_factor;Alzheimer_evidence);FADS2(enzyme;Alzheimer_evidence);GM2A(Alzheimer_evidence);BMP2K(kinase;enzyme;known_drug_target;Alzheimer_evidence);EGFR(kinase;enzyme;receptor;known_drug_target;Alzheimer_evidence);PRDX1(Alzheimer_evidence);ACP5(enzyme;Alzheimer_evidence);NFIB(Alzheimer_evidence);NME4(kinase;enzyme;Alzheimer_evidence);TEAD1(transcription_factor;known_drug_target;Alzheimer_evidence);ADGRA3(GPCR;receptor;known_drug_target;Alzheimer_evidence);WWOX(enzyme;Alzheimer_evidence);DDAH1(enzyme;known_drug_target;Alzheimer_evidence);SH3BGRL(Alzheimer_evidence);TP53INP1(Alzheimer_evidence);HNF4G(known_drug_target;Alzheimer_evidence);ADH5(enzyme;Alzheimer_evidence);ALDH9A1(enzyme;known_drug_target;Alzheimer_evidence);DIAPH3(Alzheimer_evidence)
ME_M121	0.14817319297647943	0.12591677346169838	0.04359104864063369	0.6541869891995357	0.06188049525400268	0.524640795672736	-0.08052927544956405	0.4073911626221979	0.1665667928298295	0.08490146681956591	0.1665667928298295	121	CT	9	therapeutic_targets	121	1580.235294117647	520	310	268	62	19	4	3	SLC24A4(transporter;known_drug_target;Alzheimer_evidence);SHARPIN(transcription_factor;Alzheimer_evidence);ACACA(enzyme;known_drug_target;Alzheimer_evidence);NDUFB4(Alzheimer_evidence);RXRG(receptor;known_drug_target;Alzheimer_evidence);CAPN2(enzyme;known_drug_target;Alzheimer_evidence);IGFBP3(enzyme;Alzheimer_evidence);RAB9A(Alzheimer_evidence);PURA(Alzheimer_evidence);AKAP8L(kinase;enzyme;Alzheimer_evidence);COQ5(enzyme;Alzheimer_evidence);GALM(enzyme;Alzheimer_evidence);DIAPH3(Alzheimer_evidence);ZNF680(transcription_factor;Alzheimer_evidence);SLC39A11(transporter;known_drug_target;Alzheimer_evidence);TTC28(Alzheimer_evidence);COL21A1(Alzheimer_evidence);GCK(enzyme;known_drug_target;Alzheimer_evidence);BMPR1A(receptor;known_drug_target;Alzheimer_evidence);OSBPL2(Alzheimer_evidence);RARG(receptor;known_drug_target;Alzheimer_evidence);FER(kinase;enzyme;known_drug_target;Alzheimer_evidence);EP300(enzyme;transcription_factor;known_drug_target;Alzheimer_evidence);UBE2L3(enzyme;Alzheimer_evidence);CDK2AP1(kinase;enzyme;Alzheimer_evidence)	SLC24A4(transporter;known_drug_target;Alzheimer_evidence);SHARPIN(transcription_factor;Alzheimer_evidence);ACACA(enzyme;known_drug_target;Alzheimer_evidence);NDUFB4(Alzheimer_evidence);RXRG(receptor;known_drug_target;Alzheimer_evidence);CAPN2(enzyme;known_drug_target;Alzheimer_evidence);IGFBP3(enzyme;Alzheimer_evidence);RAB9A(Alzheimer_evidence);PURA(Alzheimer_evidence);AKAP8L(kinase;enzyme;Alzheimer_evidence);COQ5(enzyme;Alzheimer_evidence);GALM(enzyme;Alzheimer_evidence);DIAPH3(Alzheimer_evidence);ZNF680(transcription_factor;Alzheimer_evidence);SLC39A11(transporter;known_drug_target;Alzheimer_evidence);TTC28(Alzheimer_evidence);COL21A1(Alzheimer_evidence);GCK(enzyme;known_drug_target;Alzheimer_evidence);BMPR1A(receptor;known_drug_target;Alzheimer_evidence);OSBPL2(Alzheimer_evidence)
ME_M122	0.13271777538608648	0.17091804944918804	0.0689554446183174	0.47825489294429796	-0.0036932926728325335	0.9697392434451372	-0.014848839489482684	0.8787717362105344	0.12640935765654254	0.1923582057376143	0.13271777538608648	122	CT	10	therapeutic_targets	122	1257.642857142857	411	242	208	53	15	2	5	BCHE(enzyme;known_drug_target;Alzheimer_evidence);CDKN2A(kinase;enzyme;Alzheimer_evidence);TMEM106B(Alzheimer_evidence);NDUFB4(Alzheimer_evidence);PDGFRA(kinase;enzyme;receptor;known_drug_target;Alzheimer_evidence);MOB3B(kinase;enzyme;Alzheimer_evidence);MTMR10(Alzheimer_evidence);GABRB1(ion_channel;receptor;known_drug_target;Alzheimer_evidence);ADRA1A(known_drug_target;Alzheimer_evidence);PDE9A(enzyme;known_drug_target;Alzheimer_evidence);ZNF652(transcription_factor;Alzheimer_evidence);MAPT(enzyme;known_drug_target;Alzheimer_evidence);ZNF462(transcription_factor;Alzheimer_evidence);ACP5(enzyme;Alzheimer_evidence);IPO13(Alzheimer_evidence);PTPRD(enzyme;receptor;known_drug_target;Alzheimer_evidence);FTCD(enzyme;Alzheimer_evidence);PLCH1(enzyme;known_drug_target;Alzheimer_evidence);ACVR2B(receptor;known_drug_target;Alzheimer_evidence);PTPRF(enzyme;receptor;known_drug_target;Alzheimer_evidence);KLC3(Alzheimer_evidence);TFDP1(transcription_factor;Alzheimer_evidence);PCDH17(Alzheimer_evidence);NEO1(Alzheimer_evidence);TBC1D15(known_drug_target;Alzheimer_evidence)	BCHE(enzyme;known_drug_target;Alzheimer_evidence);CDKN2A(kinase;enzyme;Alzheimer_evidence);TMEM106B(Alzheimer_evidence);NDUFB4(Alzheimer_evidence);PDGFRA(kinase;enzyme;receptor;known_drug_target;Alzheimer_evidence);MOB3B(kinase;enzyme;Alzheimer_evidence);MTMR10(Alzheimer_evidence);GABRB1(ion_channel;receptor;known_drug_target;Alzheimer_evidence);ADRA1A(known_drug_target;Alzheimer_evidence);PDE9A(enzyme;known_drug_target;Alzheimer_evidence);ZNF652(transcription_factor;Alzheimer_evidence);MAPT(enzyme;known_drug_target;Alzheimer_evidence);ZNF462(transcription_factor;Alzheimer_evidence);ACP5(enzyme;Alzheimer_evidence);IPO13(Alzheimer_evidence);PTPRD(enzyme;receptor;known_drug_target;Alzheimer_evidence);FTCD(enzyme;Alzheimer_evidence);PLCH1(enzyme;known_drug_target;Alzheimer_evidence);ACVR2B(receptor;known_drug_target;Alzheimer_evidence);PTPRF(enzyme;receptor;known_drug_target;Alzheimer_evidence)
ME_M450	0.10281463464191662	0.28966490210597506	0.06727276416235924	0.48908288120209115	0.06155601673181878	0.5268213516397735	-0.057952418092551	0.5513407641965972	0.03129057351498517	0.7478496591585629	0.10281463464191662	450	CT	11	therapeutic_targets	450	1513.3703703703704	475	286	269	59	17	0	0	AXL(kinase;enzyme;receptor;known_drug_target;Alzheimer_evidence);CD2AP(Alzheimer_evidence);CLK2(kinase;enzyme;known_drug_target;Alzheimer_evidence);SON(Alzheimer_evidence);SF3B1(Alzheimer_evidence);MED1(Alzheimer_evidence);LRP1(receptor;Alzheimer_evidence);BLOC1S5(Alzheimer_evidence);BTF3(transcription_factor;Alzheimer_evidence);NUP160(Alzheimer_evidence);NCSTN(Alzheimer_evidence);CAPN2(enzyme;known_drug_target;Alzheimer_evidence);VEZF1(transcription_factor;Alzheimer_evidence);CTDSP1(enzyme;Alzheimer_evidence);ARNT(receptor;Alzheimer_evidence);NME4(kinase;enzyme;Alzheimer_evidence);TJP2(Alzheimer_evidence);ABL1(kinase;enzyme;receptor;known_drug_target;Alzheimer_evidence);NR2F2(nuclear_receptor;receptor;known_drug_target;Alzheimer_evidence);SERPINB6(enzyme;Alzheimer_evidence);WBP1L(Alzheimer_evidence);NECAP2(Alzheimer_evidence);ATP10D(enzyme;known_drug_target;Alzheimer_evidence);SYNE2(Alzheimer_evidence);PKN1(kinase;enzyme;known_drug_target;Alzheimer_evidence)	AXL(kinase;enzyme;receptor;known_drug_target;Alzheimer_evidence);CD2AP(Alzheimer_evidence);CLK2(kinase;enzyme;known_drug_target;Alzheimer_evidence);SON(Alzheimer_evidence);SF3B1(Alzheimer_evidence);MED1(Alzheimer_evidence);LRP1(receptor;Alzheimer_evidence);BLOC1S5(Alzheimer_evidence);BTF3(transcription_factor;Alzheimer_evidence);NUP160(Alzheimer_evidence);NCSTN(Alzheimer_evidence);CAPN2(enzyme;known_drug_target;Alzheimer_evidence);VEZF1(transcription_factor;Alzheimer_evidence);CTDSP1(enzyme;Alzheimer_evidence);ARNT(receptor;Alzheimer_evidence);NME4(kinase;enzyme;Alzheimer_evidence);TJP2(Alzheimer_evidence);ABL1(kinase;enzyme;receptor;known_drug_target;Alzheimer_evidence);NR2F2(nuclear_receptor;receptor;known_drug_target;Alzheimer_evidence);SERPINB6(enzyme;Alzheimer_evidence)
ME_M682	0.027374648785158693	0.7785354715910243	0.09813868540089954	0.3122743709875661	0.013629548405911268	0.8886594082130779	-0.06858334877185489	0.4806381363136682	0.01633673607038124	0.8667311966322908	0.09813868540089954	682	CT	12	therapeutic_targets	682	2561.0989208633096	796	447	416	115	37	3	36	APP(enzyme;receptor;known_drug_target;Alzheimer_evidence);CDK5R1(kinase;enzyme;Alzheimer_evidence);NDUFS5(Alzheimer_evidence);NDUFA8(Alzheimer_evidence);PIK3CB(kinase;enzyme;known_drug_target;Alzheimer_evidence);NDUFS8(enzyme;Alzheimer_evidence);ATP1A1(enzyme;known_drug_target;Alzheimer_evidence);JAZF1(transcription_factor;Alzheimer_evidence);GOT1(enzyme;Alzheimer_evidence);BRSK2(kinase;enzyme;known_drug_target;Alzheimer_evidence);SLC7A14(transporter;enzyme;known_drug_target;Alzheimer_evidence);MAP2K4(kinase;enzyme;known_drug_target;Alzheimer_evidence);SLC39A10(transporter;known_drug_target;Alzheimer_evidence);FAM20B(kinase;enzyme;Alzheimer_evidence);KHDRBS2(Alzheimer_evidence);CACNA1A(ion_channel;known_drug_target;Alzheimer_evidence);DOCK3(Alzheimer_evidence);SLC25A4(transporter;known_drug_target;Alzheimer_evidence);CKMT1B(kinase;enzyme;Alzheimer_evidence);DYNLRB1(Alzheimer_evidence);CNTNAP5(Alzheimer_evidence);DIRAS2(Alzheimer_evidence);CDK5R2(kinase;enzyme;Alzheimer_evidence);ZMAT4(transcription_factor;Alzheimer_evidence);CAMK2N1(kinase;enzyme;Alzheimer_evidence)	APP(enzyme;receptor;known_drug_target;Alzheimer_evidence);CDK5R1(kinase;enzyme;Alzheimer_evidence);NDUFS5(Alzheimer_evidence);NDUFA8(Alzheimer_evidence);PIK3CB(kinase;enzyme;known_drug_target;Alzheimer_evidence);NDUFS8(enzyme;Alzheimer_evidence);ATP1A1(enzyme;known_drug_target;Alzheimer_evidence);JAZF1(transcription_factor;Alzheimer_evidence);GOT1(enzyme;Alzheimer_evidence);BRSK2(kinase;enzyme;known_drug_target;Alzheimer_evidence);SLC7A14(transporter;enzyme;known_drug_target;Alzheimer_evidence);MAP2K4(kinase;enzyme;known_drug_target;Alzheimer_evidence);SLC39A10(transporter;known_drug_target;Alzheimer_evidence);FAM20B(kinase;enzyme;Alzheimer_evidence);KHDRBS2(Alzheimer_evidence);CACNA1A(ion_channel;known_drug_target;Alzheimer_evidence);DOCK3(Alzheimer_evidence);SLC25A4(transporter;known_drug_target;Alzheimer_evidence);CKMT1B(kinase;enzyme;Alzheimer_evidence);DYNLRB1(Alzheimer_evidence)
ME_M691	0.06638474439007486	0.4948492939498775	0.08365912377017584	0.3893455413485796	0.06512356775598722	0.5030999762107056	-0.014943388765075545	0.8780057600441995	0.03919253551744899	0.6871570542185073	0.08365912377017584	691	CT	13	therapeutic_targets	691	1687.4297082228118	536	293	265	81	32	2	13	CDK5(kinase;enzyme;known_drug_target;Alzheimer_evidence);ACE(enzyme;known_drug_target;Alzheimer_evidence);AKAP11(kinase;enzyme;Alzheimer_evidence);SNRPD2(Alzheimer_evidence);DLX2(transcription_factor;Alzheimer_evidence);DYRK1B(kinase;enzyme;known_drug_target;Alzheimer_evidence);MYL6B(Alzheimer_evidence);PAM16(Alzheimer_evidence);PTPRN2(enzyme;receptor;known_drug_target;Alzheimer_evidence);TESC(Alzheimer_evidence);CAMK1D(kinase;enzyme;known_drug_target;Alzheimer_evidence);CYRIB(Alzheimer_evidence);CDKN2D(kinase;enzyme;Alzheimer_evidence);SORCS1(receptor;Alzheimer_evidence);ME3(enzyme;Alzheimer_evidence);ROBO2(receptor;Alzheimer_evidence);RAP1GAP2(Alzheimer_evidence);DBF4(kinase;enzyme;transcription_factor;Alzheimer_evidence);CACNA1F(ion_channel;known_drug_target;Alzheimer_evidence);CACNB1(ion_channel;Alzheimer_evidence);TENM2(Alzheimer_evidence);DTNB(transcription_factor;Alzheimer_evidence);CACNB2(ion_channel;Alzheimer_evidence);SSX2IP(Alzheimer_evidence);FIBCD1(Alzheimer_evidence)	CDK5(kinase;enzyme;known_drug_target;Alzheimer_evidence);ACE(enzyme;known_drug_target;Alzheimer_evidence);AKAP11(kinase;enzyme;Alzheimer_evidence);SNRPD2(Alzheimer_evidence);DLX2(transcription_factor;Alzheimer_evidence);DYRK1B(kinase;enzyme;known_drug_target;Alzheimer_evidence);MYL6B(Alzheimer_evidence);PAM16(Alzheimer_evidence);PTPRN2(enzyme;receptor;known_drug_target;Alzheimer_evidence);TESC(Alzheimer_evidence);CAMK1D(kinase;enzyme;known_drug_target;Alzheimer_evidence);CYRIB(Alzheimer_evidence);CDKN2D(kinase;enzyme;Alzheimer_evidence);SORCS1(receptor;Alzheimer_evidence);ME3(enzyme;Alzheimer_evidence);ROBO2(receptor;Alzheimer_evidence);RAP1GAP2(Alzheimer_evidence);DBF4(kinase;enzyme;transcription_factor;Alzheimer_evidence);CACNA1F(ion_channel;known_drug_target;Alzheimer_evidence);CACNB1(ion_channel;Alzheimer_evidence)
ME_M693	0.028038829731240764	0.7733053554132098	0.10100164588909658	0.2982987451919685	0.03498971551185023	0.7192190454514935	-0.01566697290767896	0.8721475346066396	0.04086649906084442	0.6745360289411928	0.10100164588909658	693	CT	14	therapeutic_targets	693	2211.4623430962342	709	353	319	123	37	10	32	GRIN1(ion_channel;receptor;known_drug_target;Alzheimer_evidence);GRIN2B(ion_channel;receptor;known_drug_target;Alzheimer_evidence);DRD2(receptor;known_drug_target;Alzheimer_evidence);KAT8(enzyme;transcription_factor;known_drug_target;Alzheimer_evidence);DRD1(receptor;known_drug_target;Alzheimer_evidence);SLC24A4(transporter;known_drug_target;Alzheimer_evidence);HTR6(receptor;known_drug_target;Alzheimer_evidence);ULK1(kinase;enzyme;known_drug_target;Alzheimer_evidence);PTPRO(enzyme;receptor;known_drug_target;Alzheimer_evidence);HTR2C(receptor;known_drug_target;Alzheimer_evidence);GNG4(Alzheimer_evidence);CAMK1G(kinase;enzyme;known_drug_target;Alzheimer_evidence);EPB41L1(Alzheimer_evidence);HCN2(ion_channel;known_drug_target;Alzheimer_evidence);GRIA1(ion_channel;receptor;known_drug_target;Alzheimer_evidence);PPP3R1(enzyme;Alzheimer_evidence);BCL11A(transcription_factor;Alzheimer_evidence);ST3GAL4(enzyme;Alzheimer_evidence);NEURL1(enzyme;Alzheimer_evidence);CELF4(Alzheimer_evidence);SLC25A6(transporter;known_drug_target;Alzheimer_evidence);RYR2(receptor;known_drug_target;Alzheimer_evidence);CHRM1(receptor;known_drug_target;Alzheimer_evidence);PRKCZ(kinase;enzyme;known_drug_target;Alzheimer_evidence);SNTG1(Alzheimer_evidence)	GRIN1(ion_channel;receptor;known_drug_target;Alzheimer_evidence);GRIN2B(ion_channel;receptor;known_drug_target;Alzheimer_evidence);DRD2(receptor;known_drug_target;Alzheimer_evidence);KAT8(enzyme;transcription_factor;known_drug_target;Alzheimer_evidence);DRD1(receptor;known_drug_target;Alzheimer_evidence);SLC24A4(transporter;known_drug_target;Alzheimer_evidence);HTR6(receptor;known_drug_target;Alzheimer_evidence);ULK1(kinase;enzyme;known_drug_target;Alzheimer_evidence);PTPRO(enzyme;receptor;known_drug_target;Alzheimer_evidence);HTR2C(receptor;known_drug_target;Alzheimer_evidence);GNG4(Alzheimer_evidence);CAMK1G(kinase;enzyme;known_drug_target;Alzheimer_evidence);EPB41L1(Alzheimer_evidence);HCN2(ion_channel;known_drug_target;Alzheimer_evidence);GRIA1(ion_channel;receptor;known_drug_target;Alzheimer_evidence);PPP3R1(enzyme;Alzheimer_evidence);BCL11A(transcription_factor;Alzheimer_evidence);ST3GAL4(enzyme;Alzheimer_evidence);NEURL1(enzyme;Alzheimer_evidence);CELF4(Alzheimer_evidence)
ME_M724	0.05430522447352304	0.5767066916950562	-0.11553975303113005	0.23375369254897896	0.06484514340691595	0.5049310479004101	-0.0012444320019697186	0.9898016891971881	0.032912760440329786	0.7352493644583246	0.11553975303113005	724	CT	15	therapeutic_targets	724	2498.4563758389263	796	440	400	118	32	1	32	GRIN2A(ion_channel;receptor;known_drug_target;Alzheimer_evidence);NDUFA8(Alzheimer_evidence);PIK3CB(kinase;enzyme;known_drug_target;Alzheimer_evidence);ATP1A1(enzyme;known_drug_target;Alzheimer_evidence);ADRA1D(known_drug_target;Alzheimer_evidence);CNTNAP2(Alzheimer_evidence);GOT1(enzyme;Alzheimer_evidence);STAT4(transcription_factor;Alzheimer_evidence);PPP3CC(enzyme;Alzheimer_evidence);PICK1(Alzheimer_evidence);CACNA1A(ion_channel;known_drug_target;Alzheimer_evidence);EPB41L1(Alzheimer_evidence);MAP4K2(kinase;enzyme;known_drug_target;Alzheimer_evidence);SLC25A4(transporter;known_drug_target;Alzheimer_evidence);DPP4(enzyme;known_drug_target;Alzheimer_evidence);RPH3A(Alzheimer_evidence);PHOSPHO1(enzyme;Alzheimer_evidence);REEP5(receptor;Alzheimer_evidence);ZMAT4(transcription_factor;Alzheimer_evidence);DHPS(enzyme;Alzheimer_evidence);CYRIB(Alzheimer_evidence);SNTG1(Alzheimer_evidence);SLC16A7(transporter;known_drug_target;Alzheimer_evidence);NRIP3(nuclear_receptor;enzyme;receptor;Alzheimer_evidence);HCN1(ion_channel;known_drug_target;Alzheimer_evidence)	GRIN2A(ion_channel;receptor;known_drug_target;Alzheimer_evidence);NDUFA8(Alzheimer_evidence);PIK3CB(kinase;enzyme;known_drug_target;Alzheimer_evidence);ATP1A1(enzyme;known_drug_target;Alzheimer_evidence);ADRA1D(known_drug_target;Alzheimer_evidence);CNTNAP2(Alzheimer_evidence);GOT1(enzyme;Alzheimer_evidence);STAT4(transcription_factor;Alzheimer_evidence);PPP3CC(enzyme;Alzheimer_evidence);PICK1(Alzheimer_evidence);CACNA1A(ion_channel;known_drug_target;Alzheimer_evidence);EPB41L1(Alzheimer_evidence);MAP4K2(kinase;enzyme;known_drug_target;Alzheimer_evidence);SLC25A4(transporter;known_drug_target;Alzheimer_evidence);DPP4(enzyme;known_drug_target;Alzheimer_evidence);RPH3A(Alzheimer_evidence);PHOSPHO1(enzyme;Alzheimer_evidence);REEP5(receptor;Alzheimer_evidence);ZMAT4(transcription_factor;Alzheimer_evidence);DHPS(enzyme;Alzheimer_evidence)
ME_M728	-0.04446546888918281	0.6477085882667466	-0.029514399120552585	0.7617224964090067	-0.015643352175279738	0.8723386636115503	0.01747541694420752	0.8575370208136257	-0.0030637588233933585	0.9748954379810982	0.04446546888918281	728	CT	16	therapeutic_targets	728	3124.199692780338	977	526	488	159	48	6	39	GRIN1(ion_channel;receptor;known_drug_target;Alzheimer_evidence);GRIN2B(ion_channel;receptor;known_drug_target;Alzheimer_evidence);CDK5R1(kinase;enzyme;Alzheimer_evidence);NAGPA(enzyme;Alzheimer_evidence);PTK2B(kinase;enzyme;known_drug_target;Alzheimer_evidence);HTR2A(receptor;known_drug_target;Alzheimer_evidence);EEF2(known_drug_target;Alzheimer_evidence);BRSK2(kinase;enzyme;known_drug_target;Alzheimer_evidence);SLC7A14(transporter;enzyme;known_drug_target;Alzheimer_evidence);LRRK2(kinase;enzyme;known_drug_target;Alzheimer_evidence);KHDRBS2(Alzheimer_evidence);CAMK1G(kinase;enzyme;known_drug_target;Alzheimer_evidence);DOCK3(Alzheimer_evidence);GDI1(Alzheimer_evidence);HES4(transcription_factor;Alzheimer_evidence);GRIA1(ion_channel;receptor;known_drug_target;Alzheimer_evidence);PPP3R1(enzyme;Alzheimer_evidence);BCL11A(transcription_factor;Alzheimer_evidence);PTPRN2(enzyme;receptor;known_drug_target;Alzheimer_evidence);NEURL1(enzyme;Alzheimer_evidence);CELF4(Alzheimer_evidence);CKMT1B(kinase;enzyme;Alzheimer_evidence);GABRA4(ion_channel;receptor;known_drug_target;Alzheimer_evidence);RYR2(receptor;known_drug_target;Alzheimer_evidence);DIRAS2(Alzheimer_evidence)	GRIN1(ion_channel;receptor;known_drug_target;Alzheimer_evidence);GRIN2B(ion_channel;receptor;known_drug_target;Alzheimer_evidence);CDK5R1(kinase;enzyme;Alzheimer_evidence);NAGPA(enzyme;Alzheimer_evidence);PTK2B(kinase;enzyme;known_drug_target;Alzheimer_evidence);HTR2A(receptor;known_drug_target;Alzheimer_evidence);EEF2(known_drug_target;Alzheimer_evidence);BRSK2(kinase;enzyme;known_drug_target;Alzheimer_evidence);SLC7A14(transporter;enzyme;known_drug_target;Alzheimer_evidence);LRRK2(kinase;enzyme;known_drug_target;Alzheimer_evidence);KHDRBS2(Alzheimer_evidence);CAMK1G(kinase;enzyme;known_drug_target;Alzheimer_evidence);DOCK3(Alzheimer_evidence);GDI1(Alzheimer_evidence);HES4(transcription_factor;Alzheimer_evidence);GRIA1(ion_channel;receptor;known_drug_target;Alzheimer_evidence);PPP3R1(enzyme;Alzheimer_evidence);BCL11A(transcription_factor;Alzheimer_evidence);PTPRN2(enzyme;receptor;known_drug_target;Alzheimer_evidence);NEURL1(enzyme;Alzheimer_evidence)
ME_M729	-0.0023590817687607797	0.9806683095787806	0.013815148883606757	0.8871531658663914	-0.018552781283929627	0.8488554249773006	0.02207618939187052	0.8205944120318986	0.034791978184645425	0.7207401123047045	0.034791978184645425	729	CT	17	therapeutic_targets	729	2302.962432915921	737	424	390	91	35	3	14	APP(enzyme;receptor;known_drug_target;Alzheimer_evidence);CDK5(kinase;enzyme;known_drug_target;Alzheimer_evidence);HMGCR(enzyme;known_drug_target;Alzheimer_evidence);GSK3B(kinase;enzyme;known_drug_target;Alzheimer_evidence);ATP6V1B2(known_drug_target;Alzheimer_evidence);ATP6V1A(enzyme;known_drug_target;Alzheimer_evidence);AKAP11(kinase;enzyme;Alzheimer_evidence);ATP6V1C1(known_drug_target;Alzheimer_evidence);MTMR6(enzyme;Alzheimer_evidence);AP2S1(Alzheimer_evidence);CLTC(Alzheimer_evidence);AP2M1(Alzheimer_evidence);IMP3(Alzheimer_evidence);JAZF1(transcription_factor;Alzheimer_evidence);ADRA1D(known_drug_target;Alzheimer_evidence);CDH13(Alzheimer_evidence);PTPRO(enzyme;receptor;known_drug_target;Alzheimer_evidence);MAP2K4(kinase;enzyme;known_drug_target;Alzheimer_evidence);CACNA1A(ion_channel;known_drug_target;Alzheimer_evidence);COX7A1(enzyme;Alzheimer_evidence);LCMT1(enzyme;Alzheimer_evidence);DYRK1B(kinase;enzyme;known_drug_target;Alzheimer_evidence);DHX30(Alzheimer_evidence);DSTN(Alzheimer_evidence);UBE2V2(enzyme;Alzheimer_evidence)	APP(enzyme;receptor;known_drug_target;Alzheimer_evidence);CDK5(kinase;enzyme;known_drug_target;Alzheimer_evidence);HMGCR(enzyme;known_drug_target;Alzheimer_evidence);GSK3B(kinase;enzyme;known_drug_target;Alzheimer_evidence);ATP6V1B2(known_drug_target;Alzheimer_evidence);ATP6V1A(enzyme;known_drug_target;Alzheimer_evidence);AKAP11(kinase;enzyme;Alzheimer_evidence);ATP6V1C1(known_drug_target;Alzheimer_evidence);MTMR6(enzyme;Alzheimer_evidence);AP2S1(Alzheimer_evidence);CLTC(Alzheimer_evidence);AP2M1(Alzheimer_evidence);IMP3(Alzheimer_evidence);JAZF1(transcription_factor;Alzheimer_evidence);ADRA1D(known_drug_target;Alzheimer_evidence);CDH13(Alzheimer_evidence);PTPRO(enzyme;receptor;known_drug_target;Alzheimer_evidence);MAP2K4(kinase;enzyme;known_drug_target;Alzheimer_evidence);CACNA1A(ion_channel;known_drug_target;Alzheimer_evidence);COX7A1(enzyme;Alzheimer_evidence)
ME_M738	-0.09017449635185354	0.35335105866071626	0.07054156500552207	0.46816771074153807	-0.03249908166165604	0.7384560907999674	-0.02946027956713827	0.7621464107653088	-0.058333781058823454	0.5487199747731867	0.09017449635185354	738	CT	18	therapeutic_targets	738	1396.0281690140846	436	256	225	65	9	7	20	ACHE(enzyme;known_drug_target;Alzheimer_evidence);GRIN2D(ion_channel;receptor;known_drug_target;Alzheimer_evidence);IMP3(Alzheimer_evidence);PTPRS(enzyme;receptor;known_drug_target;Alzheimer_evidence);PICK1(Alzheimer_evidence);PAPSS1(enzyme;Alzheimer_evidence);CNTNAP5(Alzheimer_evidence);KCND3(ion_channel;known_drug_target;Alzheimer_evidence);CUL2(Alzheimer_evidence);INPP4B(enzyme;known_drug_target;Alzheimer_evidence);SEMA3C(Alzheimer_evidence);PSD3(Alzheimer_evidence);ADORA1(receptor;known_drug_target;Alzheimer_evidence);CACNA1D(ion_channel;known_drug_target;Alzheimer_evidence);TAFA5(Alzheimer_evidence);WDR20(Alzheimer_evidence);SEMA5B(Alzheimer_evidence);SSX2IP(Alzheimer_evidence);GABRA3(ion_channel;receptor;known_drug_target;Alzheimer_evidence);TCF20(transcription_factor;Alzheimer_evidence);BRINP3(Alzheimer_evidence);LRRTM4(Alzheimer_evidence);TACR1(receptor;known_drug_target;Alzheimer_evidence);ELMO1(Alzheimer_evidence);KIF2A(Alzheimer_evidence)	ACHE(enzyme;known_drug_target;Alzheimer_evidence);GRIN2D(ion_channel;receptor;known_drug_target;Alzheimer_evidence);IMP3(Alzheimer_evidence);PTPRS(enzyme;receptor;known_drug_target;Alzheimer_evidence);PICK1(Alzheimer_evidence);PAPSS1(enzyme;Alzheimer_evidence);CNTNAP5(Alzheimer_evidence);KCND3(ion_channel;known_drug_target;Alzheimer_evidence);CUL2(Alzheimer_evidence);INPP4B(enzyme;known_drug_target;Alzheimer_evidence);SEMA3C(Alzheimer_evidence);PSD3(Alzheimer_evidence);ADORA1(receptor;known_drug_target;Alzheimer_evidence);CACNA1D(ion_channel;known_drug_target;Alzheimer_evidence);TAFA5(Alzheimer_evidence);WDR20(Alzheimer_evidence);SEMA5B(Alzheimer_evidence);SSX2IP(Alzheimer_evidence);GABRA3(ion_channel;receptor;known_drug_target;Alzheimer_evidence);TCF20(transcription_factor;Alzheimer_evidence)
ME_M740	0.017108508274231837	0.8604975733185336	0.01742253748000825	0.857963579563211	0.056172279602776896	0.5636537892849496	-0.0002092240796134695	0.9982853319072507	-0.00721727713648003	0.9409050822246542	0.056172279602776896	740	CT	19	therapeutic_targets	740	1870.6082474226805	610	361	309	79	25	4	10	SORL1(receptor;Alzheimer_evidence);GRIN3A(ion_channel;receptor;known_drug_target;Alzheimer_evidence);FOXO3(transcription_factor;Alzheimer_evidence);TARS2(enzyme;Alzheimer_evidence);KIF1A(Alzheimer_evidence);SLC24A4(transporter;known_drug_target;Alzheimer_evidence);BACE1(enzyme;known_drug_target;Alzheimer_evidence);MOB3B(kinase;enzyme;Alzheimer_evidence);MAPT(enzyme;known_drug_target;Alzheimer_evidence);HTR1B(receptor;known_drug_target;Alzheimer_evidence);DLX2(transcription_factor;Alzheimer_evidence);PIK3R2(kinase;enzyme;known_drug_target;Alzheimer_evidence);GRIK5(ion_channel;receptor;known_drug_target;Alzheimer_evidence);IPO13(Alzheimer_evidence);PAPSS1(enzyme;Alzheimer_evidence);PTPRD(enzyme;receptor;known_drug_target;Alzheimer_evidence);SYBU(Alzheimer_evidence);NME9(Alzheimer_evidence);ST3GAL4(enzyme;Alzheimer_evidence);FOXO1(transcription_factor;Alzheimer_evidence);CERKL(Alzheimer_evidence);CKAP5(Alzheimer_evidence);COL21A1(Alzheimer_evidence);TENM3(Alzheimer_evidence);SLC25A29(transporter;known_drug_target;Alzheimer_evidence)	SORL1(receptor;Alzheimer_evidence);GRIN3A(ion_channel;receptor;known_drug_target;Alzheimer_evidence);FOXO3(transcription_factor;Alzheimer_evidence);TARS2(enzyme;Alzheimer_evidence);KIF1A(Alzheimer_evidence);SLC24A4(transporter;known_drug_target;Alzheimer_evidence);BACE1(enzyme;known_drug_target;Alzheimer_evidence);MOB3B(kinase;enzyme;Alzheimer_evidence);MAPT(enzyme;known_drug_target;Alzheimer_evidence);HTR1B(receptor;known_drug_target;Alzheimer_evidence);DLX2(transcription_factor;Alzheimer_evidence);PIK3R2(kinase;enzyme;known_drug_target;Alzheimer_evidence);GRIK5(ion_channel;receptor;known_drug_target;Alzheimer_evidence);IPO13(Alzheimer_evidence);PAPSS1(enzyme;Alzheimer_evidence);PTPRD(enzyme;receptor;known_drug_target;Alzheimer_evidence);SYBU(Alzheimer_evidence);NME9(Alzheimer_evidence);ST3GAL4(enzyme;Alzheimer_evidence);FOXO1(transcription_factor;Alzheimer_evidence)
ME_M745	-0.13896397654259524	0.15148072827374578	0.015831972028477324	0.8708126371140315	-0.14694753647473527	0.12911403560728435	0.10268874060840966	0.2902590214660941	-0.11420220906183863	0.2392478354987949	0.14694753647473527	745	CT	20	therapeutic_targets	745	1700.3183279742766	604	406	286	58	14	3	7	TARS2(enzyme;Alzheimer_evidence);PXK(kinase;enzyme;known_drug_target;Alzheimer_evidence);IMP3(Alzheimer_evidence);SMG8(Alzheimer_evidence);GGPS1(enzyme;known_drug_target;Alzheimer_evidence);ABHD6(enzyme;known_drug_target;Alzheimer_evidence);XPO7(Alzheimer_evidence);ARHGEF10L(Alzheimer_evidence);MRPL34(Alzheimer_evidence);LRRN2(Alzheimer_evidence);MRPL36(Alzheimer_evidence);FRMD5(Alzheimer_evidence);TACC2(Alzheimer_evidence);ULK3(kinase;enzyme;known_drug_target;Alzheimer_evidence);TFDP1(transcription_factor;Alzheimer_evidence);SPRED2(Alzheimer_evidence);ZHX1(transcription_factor;Alzheimer_evidence);UQCC2(enzyme;Alzheimer_evidence);ZNF615(transcription_factor;Alzheimer_evidence);ADORA1(receptor;known_drug_target;Alzheimer_evidence);ZNF285(transcription_factor;Alzheimer_evidence);THSD1(Alzheimer_evidence);LTN1(enzyme;Alzheimer_evidence);UNC5C(receptor;Alzheimer_evidence);ANKRD9(Alzheimer_evidence)	TARS2(enzyme;Alzheimer_evidence);PXK(kinase;enzyme;known_drug_target;Alzheimer_evidence);IMP3(Alzheimer_evidence);SMG8(Alzheimer_evidence);GGPS1(enzyme;known_drug_target;Alzheimer_evidence);ABHD6(enzyme;known_drug_target;Alzheimer_evidence);XPO7(Alzheimer_evidence);ARHGEF10L(Alzheimer_evidence);MRPL34(Alzheimer_evidence);LRRN2(Alzheimer_evidence);MRPL36(Alzheimer_evidence);FRMD5(Alzheimer_evidence);TACC2(Alzheimer_evidence);ULK3(kinase;enzyme;known_drug_target;Alzheimer_evidence);TFDP1(transcription_factor;Alzheimer_evidence);SPRED2(Alzheimer_evidence);ZHX1(transcription_factor;Alzheimer_evidence);UQCC2(enzyme;Alzheimer_evidence);ZNF615(transcription_factor;Alzheimer_evidence);ADORA1(receptor;known_drug_target;Alzheimer_evidence)
ME_M746	0.04489242935055661	0.6445548179703955	0.08246946847252107	0.39614746085476965	-0.12176912003950237	0.2093284211317109	0.021915113604430145	0.8218816839632489	0.06749750532022537	0.4876291890494241	0.12176912003950237	746	CT	21	therapeutic_targets	746	2322.8579465541493	798	451	366	99	38	7	12	KAT8(enzyme;transcription_factor;known_drug_target;Alzheimer_evidence);DRD1(receptor;known_drug_target;Alzheimer_evidence);DSTYK(kinase;enzyme;known_drug_target;Alzheimer_evidence);B4GALT2(enzyme;Alzheimer_evidence);SBF1(Alzheimer_evidence);SMG8(Alzheimer_evidence);EEF2(known_drug_target;Alzheimer_evidence);MINDY2(Alzheimer_evidence);ULK1(kinase;enzyme;known_drug_target;Alzheimer_evidence);HINFP(transcription_factor;Alzheimer_evidence);CLINT1(Alzheimer_evidence);MRPL35(Alzheimer_evidence);PIK3R2(kinase;enzyme;known_drug_target;Alzheimer_evidence);CCDC6(Alzheimer_evidence);WIPF2(Alzheimer_evidence);FUZ(Alzheimer_evidence);ARHGEF10L(Alzheimer_evidence);MRPL45(Alzheimer_evidence);ZFTA(transcription_factor;Alzheimer_evidence);COQ5(enzyme;Alzheimer_evidence);SEC14L1(Alzheimer_evidence);SLC22A23(transporter;known_drug_target;Alzheimer_evidence);KCND3(ion_channel;known_drug_target;Alzheimer_evidence);AFF3(Alzheimer_evidence);ARMH3(Alzheimer_evidence)	KAT8(enzyme;transcription_factor;known_drug_target;Alzheimer_evidence);DRD1(receptor;known_drug_target;Alzheimer_evidence);DSTYK(kinase;enzyme;known_drug_target;Alzheimer_evidence);B4GALT2(enzyme;Alzheimer_evidence);SBF1(Alzheimer_evidence);SMG8(Alzheimer_evidence);EEF2(known_drug_target;Alzheimer_evidence);MINDY2(Alzheimer_evidence);ULK1(kinase;enzyme;known_drug_target;Alzheimer_evidence);HINFP(transcription_factor;Alzheimer_evidence);CLINT1(Alzheimer_evidence);MRPL35(Alzheimer_evidence);PIK3R2(kinase;enzyme;known_drug_target;Alzheimer_evidence);CCDC6(Alzheimer_evidence);WIPF2(Alzheimer_evidence);FUZ(Alzheimer_evidence);ARHGEF10L(Alzheimer_evidence);MRPL45(Alzheimer_evidence);ZFTA(transcription_factor;Alzheimer_evidence);COQ5(enzyme;Alzheimer_evidence)
ME_M750	-0.03384226361549364	0.7280607529703844	0.12570483784089284	0.1948684911266518	-0.16037109583139086	0.0973211187242664	0.05002562327557973	0.6071441860994535	0.03484921471594456	0.7202997159260762	0.16037109583139086	750	CT	22	therapeutic_targets	750	1455.661097852029	486	296	247	55	21	0	2	ABCA7(transporter;enzyme;Alzheimer_evidence);HTR1A(receptor;known_drug_target;Alzheimer_evidence);SBF1(Alzheimer_evidence);SKP2(kinase;enzyme;known_drug_target;Alzheimer_evidence);RANBP3(Alzheimer_evidence);ZFHX3(transcription_factor;Alzheimer_evidence);ABHD6(enzyme;known_drug_target;Alzheimer_evidence);RAB9A(Alzheimer_evidence);ZNF462(transcription_factor;Alzheimer_evidence);EXOC2(Alzheimer_evidence);FUZ(Alzheimer_evidence);TRAPPC3(Alzheimer_evidence);TANK(transcription_factor;Alzheimer_evidence);SCLY(enzyme;Alzheimer_evidence);KCNG1(ion_channel;known_drug_target;Alzheimer_evidence);ZNF813(transcription_factor;Alzheimer_evidence);MAPKAP1(kinase;enzyme;Alzheimer_evidence);MIB1(enzyme;transcription_factor;Alzheimer_evidence);UBA1(enzyme;Alzheimer_evidence);ZIC3(transcription_factor;Alzheimer_evidence);TTC28(Alzheimer_evidence);RASA1(Alzheimer_evidence);ZNF227(transcription_factor;Alzheimer_evidence);RNF24(Alzheimer_evidence);RAB26(Alzheimer_evidence)	ABCA7(transporter;enzyme;Alzheimer_evidence);HTR1A(receptor;known_drug_target;Alzheimer_evidence);SBF1(Alzheimer_evidence);SKP2(kinase;enzyme;known_drug_target;Alzheimer_evidence);RANBP3(Alzheimer_evidence);ZFHX3(transcription_factor;Alzheimer_evidence);ABHD6(enzyme;known_drug_target;Alzheimer_evidence);RAB9A(Alzheimer_evidence);ZNF462(transcription_factor;Alzheimer_evidence);EXOC2(Alzheimer_evidence);FUZ(Alzheimer_evidence);TRAPPC3(Alzheimer_evidence);TANK(transcription_factor;Alzheimer_evidence);SCLY(enzyme;Alzheimer_evidence);KCNG1(ion_channel;known_drug_target;Alzheimer_evidence);ZNF813(transcription_factor;Alzheimer_evidence);MAPKAP1(kinase;enzyme;Alzheimer_evidence);MIB1(enzyme;transcription_factor;Alzheimer_evidence);UBA1(enzyme;Alzheimer_evidence);ZIC3(transcription_factor;Alzheimer_evidence)
ME_M751	0.026935784081401123	0.7819967763492013	0.09654387407213909	0.32024097929427287	-0.16082250221518749	0.09637042517572031	0.10752408616613537	0.2680193593857344	0.047097508777373134	0.6283680800712957	0.16082250221518749	751	CT	23	therapeutic_targets	751	1763.904761904762	588	355	300	65	25	3	4	CDC25B(enzyme;Alzheimer_evidence);CDK12(kinase;enzyme;known_drug_target;Alzheimer_evidence);XPO1(known_drug_target;Alzheimer_evidence);SNX3(Alzheimer_evidence);TNPO3(Alzheimer_evidence);IPO7(Alzheimer_evidence);TRAPPC5(Alzheimer_evidence);PAPOLA(enzyme;Alzheimer_evidence);FOXK1(transcription_factor;Alzheimer_evidence);HINFP(transcription_factor;Alzheimer_evidence);TIMM44(Alzheimer_evidence);TRRAP(kinase;enzyme;known_drug_target;Alzheimer_evidence);PPP1R12A(enzyme;Alzheimer_evidence);MAPK14(kinase;enzyme;known_drug_target;Alzheimer_evidence);TPST2(enzyme;Alzheimer_evidence);AKAP8L(kinase;enzyme;Alzheimer_evidence);NCOR2(nuclear_receptor;receptor;Alzheimer_evidence);RSAD1(Alzheimer_evidence);RGPD8(Alzheimer_evidence);MRC1(receptor;Alzheimer_evidence);SPRED2(Alzheimer_evidence);ZHX1(transcription_factor;Alzheimer_evidence);ZBTB40(transcription_factor;Alzheimer_evidence);PEX13(Alzheimer_evidence);FDX1(Alzheimer_evidence)	CDC25B(enzyme;Alzheimer_evidence);CDK12(kinase;enzyme;known_drug_target;Alzheimer_evidence);XPO1(known_drug_target;Alzheimer_evidence);SNX3(Alzheimer_evidence);TNPO3(Alzheimer_evidence);IPO7(Alzheimer_evidence);TRAPPC5(Alzheimer_evidence);PAPOLA(enzyme;Alzheimer_evidence);FOXK1(transcription_factor;Alzheimer_evidence);HINFP(transcription_factor;Alzheimer_evidence);TIMM44(Alzheimer_evidence);TRRAP(kinase;enzyme;known_drug_target;Alzheimer_evidence);PPP1R12A(enzyme;Alzheimer_evidence);MAPK14(kinase;enzyme;known_drug_target;Alzheimer_evidence);TPST2(enzyme;Alzheimer_evidence);AKAP8L(kinase;enzyme;Alzheimer_evidence);NCOR2(nuclear_receptor;receptor;Alzheimer_evidence);RSAD1(Alzheimer_evidence);RGPD8(Alzheimer_evidence);MRC1(receptor;Alzheimer_evidence)
ME_M752	-0.05129701971272951	0.5980280391066191	0.015561570386517079	0.873000464040451	-0.15876604307165387	0.10076144644882327	0.08873037457956089	0.3611446786326869	-0.007750263413062366	0.9365497692379414	0.15876604307165387	752	CT	24	therapeutic_targets	752	1957.7820512820515	663	387	316	91	26	1	3	CDC25B(enzyme;Alzheimer_evidence);PLK1(kinase;enzyme;known_drug_target;Alzheimer_evidence);PIKFYVE(kinase;enzyme;transcription_factor;known_drug_target;Alzheimer_evidence);TNPO3(Alzheimer_evidence);MT-ND1(enzyme;Alzheimer_evidence);NDUFB4(Alzheimer_evidence);COX7C(enzyme;Alzheimer_evidence);ESR2(receptor;known_drug_target;Alzheimer_evidence);HTR1B(receptor;known_drug_target;Alzheimer_evidence);GAK(kinase;enzyme;known_drug_target;Alzheimer_evidence);VARS2(enzyme;Alzheimer_evidence);CXXC1(transcription_factor;Alzheimer_evidence);TRRAP(kinase;enzyme;known_drug_target;Alzheimer_evidence);EXOC2(Alzheimer_evidence);KMT2C(enzyme;known_drug_target;Alzheimer_evidence);ATM(kinase;enzyme;known_drug_target;Alzheimer_evidence);L3MBTL3(transcription_factor;known_drug_target;Alzheimer_evidence);SMARCC1(Alzheimer_evidence);NFATC2(Alzheimer_evidence);MPDZ(Alzheimer_evidence);EED(known_drug_target;Alzheimer_evidence);UBA1(enzyme;Alzheimer_evidence);GLRX2(Alzheimer_evidence);RASA1(Alzheimer_evidence);RGPD8(Alzheimer_evidence)	CDC25B(enzyme;Alzheimer_evidence);PLK1(kinase;enzyme;known_drug_target;Alzheimer_evidence);PIKFYVE(kinase;enzyme;transcription_factor;known_drug_target;Alzheimer_evidence);TNPO3(Alzheimer_evidence);MT-ND1(enzyme;Alzheimer_evidence);NDUFB4(Alzheimer_evidence);COX7C(enzyme;Alzheimer_evidence);ESR2(receptor;known_drug_target;Alzheimer_evidence);HTR1B(receptor;known_drug_target;Alzheimer_evidence);GAK(kinase;enzyme;known_drug_target;Alzheimer_evidence);VARS2(enzyme;Alzheimer_evidence);CXXC1(transcription_factor;Alzheimer_evidence);TRRAP(kinase;enzyme;known_drug_target;Alzheimer_evidence);EXOC2(Alzheimer_evidence);KMT2C(enzyme;known_drug_target;Alzheimer_evidence);ATM(kinase;enzyme;known_drug_target;Alzheimer_evidence);L3MBTL3(transcription_factor;known_drug_target;Alzheimer_evidence);SMARCC1(Alzheimer_evidence);NFATC2(Alzheimer_evidence);MPDZ(Alzheimer_evidence)
ME_M757	0.050390630377057745	0.604520760808186	0.005509522283212996	0.9548711553186893	-0.19067883057343302	0.048074383111411566	0.04386271137191484	0.652171515440445	0.04791624720486701	0.6224020289225275	0.19067883057343302	757	CT	25	therapeutic_targets	757	1843.922356091031	646	416	312	66	19	1	5	ADRA2C(known_drug_target;Alzheimer_evidence);COPA(receptor;known_drug_target;Alzheimer_evidence);ACACA(enzyme;known_drug_target;Alzheimer_evidence);HINFP(transcription_factor;Alzheimer_evidence);KLKB1(enzyme;known_drug_target;Alzheimer_evidence);CDC5L(Alzheimer_evidence);ZC3H8(transcription_factor;Alzheimer_evidence);CXXC1(transcription_factor;Alzheimer_evidence);TIMM44(Alzheimer_evidence);MRPL35(Alzheimer_evidence);TRRAP(kinase;enzyme;known_drug_target;Alzheimer_evidence);XPO7(Alzheimer_evidence);PPP1R12A(enzyme;Alzheimer_evidence);MRPL36(Alzheimer_evidence);SLC22A23(transporter;known_drug_target;Alzheimer_evidence);EED(known_drug_target;Alzheimer_evidence);MIOS(Alzheimer_evidence);ARFGEF1(Alzheimer_evidence);SLX4IP(Alzheimer_evidence);BCCIP(Alzheimer_evidence);KMT5B(enzyme;known_drug_target;Alzheimer_evidence);ZBTB40(transcription_factor;Alzheimer_evidence);ZNF285(transcription_factor;Alzheimer_evidence);STK11IP(kinase;enzyme;Alzheimer_evidence);FARS2(enzyme;Alzheimer_evidence)	ADRA2C(known_drug_target;Alzheimer_evidence);COPA(receptor;known_drug_target;Alzheimer_evidence);ACACA(enzyme;known_drug_target;Alzheimer_evidence);HINFP(transcription_factor;Alzheimer_evidence);KLKB1(enzyme;known_drug_target;Alzheimer_evidence);CDC5L(Alzheimer_evidence);ZC3H8(transcription_factor;Alzheimer_evidence);CXXC1(transcription_factor;Alzheimer_evidence);TIMM44(Alzheimer_evidence);MRPL35(Alzheimer_evidence);TRRAP(kinase;enzyme;known_drug_target;Alzheimer_evidence);XPO7(Alzheimer_evidence);PPP1R12A(enzyme;Alzheimer_evidence);MRPL36(Alzheimer_evidence);SLC22A23(transporter;known_drug_target;Alzheimer_evidence);EED(known_drug_target;Alzheimer_evidence);MIOS(Alzheimer_evidence);ARFGEF1(Alzheimer_evidence);SLX4IP(Alzheimer_evidence);BCCIP(Alzheimer_evidence)
ME_M763	0.1251637958004737	0.1968123044474638	0.15459189327273057	0.11015628853642126	-0.12521030024880428	0.1966446791652888	0.01559969917585993	0.8726919045996974	0.13641378942537727	0.15920580612206378	0.15459189327273057	763	CT	26	therapeutic_targets	763	2559.802781289507	865	500	411	114	35	6	11	NEU1(enzyme;known_drug_target;Alzheimer_evidence);NOP16(Alzheimer_evidence);IL34(known_drug_target;Alzheimer_evidence);RAP2B(Alzheimer_evidence);TTN(kinase;enzyme;known_drug_target;Alzheimer_evidence);PPARG(receptor;known_drug_target;Alzheimer_evidence);PTGS2(enzyme;known_drug_target;Alzheimer_evidence);NGLY1(enzyme;Alzheimer_evidence);CDC5L(Alzheimer_evidence);CLINT1(Alzheimer_evidence);TIMM44(Alzheimer_evidence);CCDC6(Alzheimer_evidence);HIC1(transcription_factor;Alzheimer_evidence);MAPK14(kinase;enzyme;known_drug_target;Alzheimer_evidence);TPST2(enzyme;Alzheimer_evidence);PTGFR(receptor;known_drug_target;Alzheimer_evidence);MRPL33(Alzheimer_evidence);AOPEP(enzyme;known_drug_target;Alzheimer_evidence);ARHGEF17(Alzheimer_evidence);PIK3R6(kinase;enzyme;known_drug_target;Alzheimer_evidence);WNT2(known_drug_target;Alzheimer_evidence);CSNK2A2(kinase;enzyme;known_drug_target;Alzheimer_evidence);L3MBTL3(transcription_factor;known_drug_target;Alzheimer_evidence);ALDH8A1(enzyme;Alzheimer_evidence);ZNF579(transcription_factor;Alzheimer_evidence)	NEU1(enzyme;known_drug_target;Alzheimer_evidence);NOP16(Alzheimer_evidence);IL34(known_drug_target;Alzheimer_evidence);RAP2B(Alzheimer_evidence);TTN(kinase;enzyme;known_drug_target;Alzheimer_evidence);PPARG(receptor;known_drug_target;Alzheimer_evidence);PTGS2(enzyme;known_drug_target;Alzheimer_evidence);NGLY1(enzyme;Alzheimer_evidence);CDC5L(Alzheimer_evidence);CLINT1(Alzheimer_evidence);TIMM44(Alzheimer_evidence);CCDC6(Alzheimer_evidence);HIC1(transcription_factor;Alzheimer_evidence);MAPK14(kinase;enzyme;known_drug_target;Alzheimer_evidence);TPST2(enzyme;Alzheimer_evidence);PTGFR(receptor;known_drug_target;Alzheimer_evidence);MRPL33(Alzheimer_evidence);AOPEP(enzyme;known_drug_target;Alzheimer_evidence);ARHGEF17(Alzheimer_evidence);PIK3R6(kinase;enzyme;known_drug_target;Alzheimer_evidence)
ME_M771	0.06280089997536312	0.5184803990931877	0.1063598715773868	0.27326547617269614	-0.10659702327227048	0.27219126284081346	0.04233832871395016	0.6635129545296743	0.08606322548902516	0.37581552245387007	0.10659702327227048	771	CT	27	therapeutic_targets	771	2354.524348810872	811	513	390	83	38	9	8	ADAM10(enzyme;known_drug_target;Alzheimer_evidence);AURKA(kinase;enzyme;known_drug_target;Alzheimer_evidence);PPP1R10(enzyme;transcription_factor;Alzheimer_evidence);COPA(receptor;known_drug_target;Alzheimer_evidence);ACACA(enzyme;known_drug_target;Alzheimer_evidence);IPO7(Alzheimer_evidence);TRAPPC5(Alzheimer_evidence);EPM2A(enzyme;Alzheimer_evidence);PANK1(kinase;enzyme;Alzheimer_evidence);CREB1(Alzheimer_evidence);UQCRB(enzyme;Alzheimer_evidence);PFKP(enzyme;Alzheimer_evidence);SLC35C1(transporter;known_drug_target;Alzheimer_evidence);SLC36A1(transporter;known_drug_target;Alzheimer_evidence);MRPL35(Alzheimer_evidence);FAM20B(kinase;enzyme;Alzheimer_evidence);CTCF(transcription_factor;Alzheimer_evidence);MAST2(kinase;enzyme;known_drug_target;Alzheimer_evidence);RABEP1(Alzheimer_evidence);MRPL33(Alzheimer_evidence);LRRN2(Alzheimer_evidence);SCLY(enzyme;Alzheimer_evidence);KCNG1(ion_channel;known_drug_target;Alzheimer_evidence);MRPS15(Alzheimer_evidence);ALDH8A1(enzyme;Alzheimer_evidence)	ADAM10(enzyme;known_drug_target;Alzheimer_evidence);AURKA(kinase;enzyme;known_drug_target;Alzheimer_evidence);PPP1R10(enzyme;transcription_factor;Alzheimer_evidence);COPA(receptor;known_drug_target;Alzheimer_evidence);ACACA(enzyme;known_drug_target;Alzheimer_evidence);IPO7(Alzheimer_evidence);TRAPPC5(Alzheimer_evidence);EPM2A(enzyme;Alzheimer_evidence);PANK1(kinase;enzyme;Alzheimer_evidence);CREB1(Alzheimer_evidence);UQCRB(enzyme;Alzheimer_evidence);PFKP(enzyme;Alzheimer_evidence);SLC35C1(transporter;known_drug_target;Alzheimer_evidence);SLC36A1(transporter;known_drug_target;Alzheimer_evidence);MRPL35(Alzheimer_evidence);FAM20B(kinase;enzyme;Alzheimer_evidence);CTCF(transcription_factor;Alzheimer_evidence);MAST2(kinase;enzyme;known_drug_target;Alzheimer_evidence);RABEP1(Alzheimer_evidence);MRPL33(Alzheimer_evidence)
ME_M772	0.01078710501648885	0.9117736385531025	0.134800033137643	0.16424377510520083	-0.14471143910643172	0.13510682105827893	0.04799897094918276	0.6218005796663821	0.058203313666134154	0.5496158857013942	0.14471143910643172	772	CT	28	therapeutic_targets	772	1572.934065934066	548	348	258	63	18	1	4	ABCA7(transporter;enzyme;Alzheimer_evidence);NR3C1(nuclear_receptor;receptor;known_drug_target;Alzheimer_evidence);FAHD2A(enzyme;Alzheimer_evidence);ZNF568(transcription_factor;Alzheimer_evidence);CAV1(Alzheimer_evidence);CCN3(known_drug_target;Alzheimer_evidence);PURA(Alzheimer_evidence);MRPL33(Alzheimer_evidence);TRAPPC3(Alzheimer_evidence);CDK11B(kinase;enzyme;known_drug_target;Alzheimer_evidence);MRPS15(Alzheimer_evidence);CORO1C(Alzheimer_evidence);SLMAP(Alzheimer_evidence);NR2F2(nuclear_receptor;receptor;known_drug_target;Alzheimer_evidence);MIOS(Alzheimer_evidence);ARFGEF1(Alzheimer_evidence);RSAD1(Alzheimer_evidence);CMPK1(kinase;enzyme;Alzheimer_evidence);PBX2(transcription_factor;Alzheimer_evidence);NSUN4(Alzheimer_evidence);TRMT61B(Alzheimer_evidence);ATP8B2(enzyme;known_drug_target;Alzheimer_evidence);CPSF1(Alzheimer_evidence);GBA2(enzyme;Alzheimer_evidence);TSGA10(Alzheimer_evidence)	ABCA7(transporter;enzyme;Alzheimer_evidence);NR3C1(nuclear_receptor;receptor;known_drug_target;Alzheimer_evidence);FAHD2A(enzyme;Alzheimer_evidence);ZNF568(transcription_factor;Alzheimer_evidence);CAV1(Alzheimer_evidence);CCN3(known_drug_target;Alzheimer_evidence);PURA(Alzheimer_evidence);MRPL33(Alzheimer_evidence);TRAPPC3(Alzheimer_evidence);CDK11B(kinase;enzyme;known_drug_target;Alzheimer_evidence);MRPS15(Alzheimer_evidence);CORO1C(Alzheimer_evidence);SLMAP(Alzheimer_evidence);NR2F2(nuclear_receptor;receptor;known_drug_target;Alzheimer_evidence);MIOS(Alzheimer_evidence);ARFGEF1(Alzheimer_evidence);RSAD1(Alzheimer_evidence);CMPK1(kinase;enzyme;Alzheimer_evidence);PBX2(transcription_factor;Alzheimer_evidence);NSUN4(Alzheimer_evidence)
ME_M867	-0.03100572721793194	0.7500691739313333	-0.15669892105211627	0.10533209823564577	0.010167087741218144	0.9168259801766692	0.12088931724252162	0.21266298988599813	-0.060841098531728866	0.5316417757073272	0.15669892105211627	867	TS	29	therapeutic_targets	867	1341.3790322580646	400	222	214	65	15	2	24	GRIN2B(ion_channel;receptor;known_drug_target;Alzheimer_evidence);GRIN2A(ion_channel;receptor;known_drug_target;Alzheimer_evidence);NAGPA(enzyme;Alzheimer_evidence);PTK2B(kinase;enzyme;known_drug_target;Alzheimer_evidence);HTR2A(receptor;known_drug_target;Alzheimer_evidence);BRSK2(kinase;enzyme;known_drug_target;Alzheimer_evidence);CAMK1G(kinase;enzyme;known_drug_target;Alzheimer_evidence);DOCK3(Alzheimer_evidence);EPB41L1(Alzheimer_evidence);GRIA1(ion_channel;receptor;known_drug_target;Alzheimer_evidence);SYBU(Alzheimer_evidence);PPP3R1(enzyme;Alzheimer_evidence);CELF4(Alzheimer_evidence);CKMT1B(kinase;enzyme;Alzheimer_evidence);DIRAS2(Alzheimer_evidence);CDK5R2(kinase;enzyme;Alzheimer_evidence);ZMAT4(transcription_factor;Alzheimer_evidence);CHRM1(receptor;known_drug_target;Alzheimer_evidence);KCNJ3(ion_channel;known_drug_target;Alzheimer_evidence);PRKCZ(kinase;enzyme;known_drug_target;Alzheimer_evidence);CAMK1D(kinase;enzyme;known_drug_target;Alzheimer_evidence);HCN1(ion_channel;known_drug_target;Alzheimer_evidence);PRKCE(kinase;enzyme;known_drug_target;Alzheimer_evidence);TMEM266(Alzheimer_evidence);TMEM59L(Alzheimer_evidence)	GRIN2B(ion_channel;receptor;known_drug_target;Alzheimer_evidence);GRIN2A(ion_channel;receptor;known_drug_target;Alzheimer_evidence);NAGPA(enzyme;Alzheimer_evidence);PTK2B(kinase;enzyme;known_drug_target;Alzheimer_evidence);HTR2A(receptor;known_drug_target;Alzheimer_evidence);BRSK2(kinase;enzyme;known_drug_target;Alzheimer_evidence);CAMK1G(kinase;enzyme;known_drug_target;Alzheimer_evidence);DOCK3(Alzheimer_evidence);EPB41L1(Alzheimer_evidence);GRIA1(ion_channel;receptor;known_drug_target;Alzheimer_evidence);SYBU(Alzheimer_evidence);PPP3R1(enzyme;Alzheimer_evidence);CELF4(Alzheimer_evidence);CKMT1B(kinase;enzyme;Alzheimer_evidence);DIRAS2(Alzheimer_evidence);CDK5R2(kinase;enzyme;Alzheimer_evidence);ZMAT4(transcription_factor;Alzheimer_evidence);CHRM1(receptor;known_drug_target;Alzheimer_evidence);KCNJ3(ion_channel;known_drug_target;Alzheimer_evidence);PRKCZ(kinase;enzyme;known_drug_target;Alzheimer_evidence)
ME_M901	-0.0969377178724277	0.3182615261613442	-0.2318269546509291	0.015771177842898065	-0.008611030247277461	0.9295199933987555	0.0986996210489876	0.3095031827828735	-0.08848954765603814	0.36245463245524023	0.2318269546509291	901	CT	30	therapeutic_targets	901	1300.3661971830986	422	220	204	61	23	2	7	APP(enzyme;receptor;known_drug_target;Alzheimer_evidence);GRIN3A(ion_channel;receptor;known_drug_target;Alzheimer_evidence);ADRA2B(known_drug_target;Alzheimer_evidence);GSK3B(kinase;enzyme;known_drug_target;Alzheimer_evidence);ATP6V1A(enzyme;known_drug_target;Alzheimer_evidence);ATP6V1C1(known_drug_target;Alzheimer_evidence);PIK3CB(kinase;enzyme;known_drug_target;Alzheimer_evidence);JAZF1(transcription_factor;Alzheimer_evidence);ACSL4(enzyme;Alzheimer_evidence);DRD5(receptor;known_drug_target;Alzheimer_evidence);MAP2K4(kinase;enzyme;known_drug_target;Alzheimer_evidence);SLC39A10(transporter;known_drug_target;Alzheimer_evidence);SLC25A4(transporter;known_drug_target;Alzheimer_evidence);DPP4(enzyme;known_drug_target;Alzheimer_evidence);FBXO11(enzyme;known_drug_target;Alzheimer_evidence);PHOSPHO1(enzyme;Alzheimer_evidence);CUL2(Alzheimer_evidence);PRICKLE1(Alzheimer_evidence);G3BP2(Alzheimer_evidence);MADD(kinase;enzyme;Alzheimer_evidence);SLC16A7(transporter;known_drug_target;Alzheimer_evidence);RASA1(Alzheimer_evidence);ZNF385B(transcription_factor;Alzheimer_evidence);AAK1(kinase;enzyme;Alzheimer_evidence);MARK1(kinase;enzyme;known_drug_target;Alzheimer_evidence)	APP(enzyme;receptor;known_drug_target;Alzheimer_evidence);GRIN3A(ion_channel;receptor;known_drug_target;Alzheimer_evidence);ADRA2B(known_drug_target;Alzheimer_evidence);GSK3B(kinase;enzyme;known_drug_target;Alzheimer_evidence);ATP6V1A(enzyme;known_drug_target;Alzheimer_evidence);ATP6V1C1(known_drug_target;Alzheimer_evidence);PIK3CB(kinase;enzyme;known_drug_target;Alzheimer_evidence);JAZF1(transcription_factor;Alzheimer_evidence);ACSL4(enzyme;Alzheimer_evidence);DRD5(receptor;known_drug_target;Alzheimer_evidence);MAP2K4(kinase;enzyme;known_drug_target;Alzheimer_evidence);SLC39A10(transporter;known_drug_target;Alzheimer_evidence);SLC25A4(transporter;known_drug_target;Alzheimer_evidence);DPP4(enzyme;known_drug_target;Alzheimer_evidence);FBXO11(enzyme;known_drug_target;Alzheimer_evidence);PHOSPHO1(enzyme;Alzheimer_evidence);CUL2(Alzheimer_evidence);PRICKLE1(Alzheimer_evidence);G3BP2(Alzheimer_evidence);MADD(kinase;enzyme;Alzheimer_evidence)
ME_M935	0.12946171692855618	0.18175283157164923	0.13132991864517196	0.1754764401936735	-0.15396558695479184	0.1116229496563898	0.015137653985214331	0.8764323047740853	0.17103602545887456	0.07675356047262098	0.17103602545887456	935	CT	31	therapeutic_targets	935	1319.0	446	255	218	56	9	4	4	APH1B(Alzheimer_evidence);PPT1(enzyme;known_drug_target;Alzheimer_evidence);NDUFA6(Alzheimer_evidence);TSPOAP1(Alzheimer_evidence);PTPRA(enzyme;receptor;known_drug_target;Alzheimer_evidence);FGFR3(kinase;enzyme;receptor;known_drug_target;Alzheimer_evidence);EPHX2(enzyme;known_drug_target;Alzheimer_evidence);S100A13(Alzheimer_evidence);ZBTB9(transcription_factor;Alzheimer_evidence);NDUFA7(Alzheimer_evidence);SCARB2(receptor;Alzheimer_evidence);ATPAF1(enzyme;Alzheimer_evidence);PPIG(enzyme;Alzheimer_evidence);ALDH5A1(enzyme;known_drug_target;Alzheimer_evidence);ROBO1(receptor;Alzheimer_evidence);CTNNA2(Alzheimer_evidence);MCCC2(enzyme;Alzheimer_evidence);VWA8(Alzheimer_evidence);CLNS1A(Alzheimer_evidence);PDE11A(enzyme;known_drug_target;Alzheimer_evidence);SLC13A3(transporter;known_drug_target;Alzheimer_evidence);NPAP1(Alzheimer_evidence);MARCKS(kinase;enzyme;Alzheimer_evidence);CKMT2(kinase;enzyme;Alzheimer_evidence);JARID2(Alzheimer_evidence)	APH1B(Alzheimer_evidence);PPT1(enzyme;known_drug_target;Alzheimer_evidence);NDUFA6(Alzheimer_evidence);TSPOAP1(Alzheimer_evidence);PTPRA(enzyme;receptor;known_drug_target;Alzheimer_evidence);FGFR3(kinase;enzyme;receptor;known_drug_target;Alzheimer_evidence);EPHX2(enzyme;known_drug_target;Alzheimer_evidence);S100A13(Alzheimer_evidence);ZBTB9(transcription_factor;Alzheimer_evidence);NDUFA7(Alzheimer_evidence);SCARB2(receptor;Alzheimer_evidence);ATPAF1(enzyme;Alzheimer_evidence);PPIG(enzyme;Alzheimer_evidence);ALDH5A1(enzyme;known_drug_target;Alzheimer_evidence);ROBO1(receptor;Alzheimer_evidence);CTNNA2(Alzheimer_evidence);MCCC2(enzyme;Alzheimer_evidence);VWA8(Alzheimer_evidence);CLNS1A(Alzheimer_evidence);PDE11A(enzyme;known_drug_target;Alzheimer_evidence)
ME_M937	0.23182199071353565	0.015773478640284805	0.17240068602208986	0.07439489138854213	-0.03967618682522325	0.6835014869108615	-0.016993341382335426	0.8614272451227807	0.2504999800210262	0.008927717856911302	0.2504999800210262	937	CT	32	therapeutic_targets	937	1316.9594594594594	441	251	220	55	12	1	4	KIF1A(Alzheimer_evidence);PLRG1(Alzheimer_evidence);NDUFC1(Alzheimer_evidence);PTPRA(enzyme;receptor;known_drug_target;Alzheimer_evidence);VARS2(enzyme;Alzheimer_evidence);FGFR3(kinase;enzyme;receptor;known_drug_target;Alzheimer_evidence);EPHX2(enzyme;known_drug_target;Alzheimer_evidence);PAPSS1(enzyme;Alzheimer_evidence);PIK3C2A(kinase;enzyme;known_drug_target;Alzheimer_evidence);FTCD(enzyme;Alzheimer_evidence);SLC6A1(transporter;known_drug_target;Alzheimer_evidence);MSRB2(enzyme;Alzheimer_evidence);SRR(enzyme;Alzheimer_evidence);PPIG(enzyme;Alzheimer_evidence);NDUFA10(Alzheimer_evidence);PDE3A(enzyme;known_drug_target;Alzheimer_evidence);FOXRED2(transcription_factor;Alzheimer_evidence);UQCRQ(enzyme;Alzheimer_evidence);ATXN2(Alzheimer_evidence);CTNNA2(Alzheimer_evidence);ETV1(transcription_factor;Alzheimer_evidence);CLEC3B(Alzheimer_evidence);EXOC4(Alzheimer_evidence);PDE11A(enzyme;known_drug_target;Alzheimer_evidence);NAALADL2(enzyme;Alzheimer_evidence)	KIF1A(Alzheimer_evidence);PLRG1(Alzheimer_evidence);NDUFC1(Alzheimer_evidence);PTPRA(enzyme;receptor;known_drug_target;Alzheimer_evidence);VARS2(enzyme;Alzheimer_evidence);FGFR3(kinase;enzyme;receptor;known_drug_target;Alzheimer_evidence);EPHX2(enzyme;known_drug_target;Alzheimer_evidence);PAPSS1(enzyme;Alzheimer_evidence);PIK3C2A(kinase;enzyme;known_drug_target;Alzheimer_evidence);FTCD(enzyme;Alzheimer_evidence);SLC6A1(transporter;known_drug_target;Alzheimer_evidence);MSRB2(enzyme;Alzheimer_evidence);SRR(enzyme;Alzheimer_evidence);PPIG(enzyme;Alzheimer_evidence);NDUFA10(Alzheimer_evidence);PDE3A(enzyme;known_drug_target;Alzheimer_evidence);FOXRED2(transcription_factor;Alzheimer_evidence);UQCRQ(enzyme;Alzheimer_evidence);ATXN2(Alzheimer_evidence);CTNNA2(Alzheimer_evidence)
ME_M938	-0.0775957299600739	0.4247430651436407	-0.09630971463665217	0.32142161405724307	0.07914303870787305	0.41553825045290055	-0.10024652507015647	0.30194426127534263	-0.13279648713911021	0.17066216698450595	0.13279648713911021	938	CT	33	therapeutic_targets	938	1759.4399323181049	603	365	295	64	24	2	6	SMPD1(enzyme;known_drug_target;Alzheimer_evidence);H2BC4(Alzheimer_evidence);NDUFC1(Alzheimer_evidence);BACE1(enzyme;known_drug_target;Alzheimer_evidence);FBXL22(Alzheimer_evidence);PTPRA(enzyme;receptor;known_drug_target;Alzheimer_evidence);ZNF827(transcription_factor;Alzheimer_evidence);BRD8(known_drug_target;Alzheimer_evidence);PSKH1(kinase;enzyme;known_drug_target;Alzheimer_evidence);TCF7L2(transcription_factor;Alzheimer_evidence);NEK1(kinase;enzyme;known_drug_target;Alzheimer_evidence);AUTS2(Alzheimer_evidence);PCYT2(enzyme;Alzheimer_evidence);ADARB2(enzyme;Alzheimer_evidence);SRR(enzyme;Alzheimer_evidence);ATPAF1(enzyme;Alzheimer_evidence);MRPL16(Alzheimer_evidence);IARS2(enzyme;Alzheimer_evidence);FOXRED2(transcription_factor;Alzheimer_evidence);MTX1(Alzheimer_evidence);ZNF84(transcription_factor;Alzheimer_evidence);ANKZF1(enzyme;transcription_factor;Alzheimer_evidence);MKRN1(enzyme;transcription_factor;Alzheimer_evidence);BBS1(Alzheimer_evidence);CBR4(enzyme;Alzheimer_evidence)	SMPD1(enzyme;known_drug_target;Alzheimer_evidence);H2BC4(Alzheimer_evidence);NDUFC1(Alzheimer_evidence);BACE1(enzyme;known_drug_target;Alzheimer_evidence);FBXL22(Alzheimer_evidence);PTPRA(enzyme;receptor;known_drug_target;Alzheimer_evidence);ZNF827(transcription_factor;Alzheimer_evidence);BRD8(known_drug_target;Alzheimer_evidence);PSKH1(kinase;enzyme;known_drug_target;Alzheimer_evidence);TCF7L2(transcription_factor;Alzheimer_evidence);NEK1(kinase;enzyme;known_drug_target;Alzheimer_evidence);AUTS2(Alzheimer_evidence);PCYT2(enzyme;Alzheimer_evidence);ADARB2(enzyme;Alzheimer_evidence);SRR(enzyme;Alzheimer_evidence);ATPAF1(enzyme;Alzheimer_evidence);MRPL16(Alzheimer_evidence);IARS2(enzyme;Alzheimer_evidence);FOXRED2(transcription_factor;Alzheimer_evidence);MTX1(Alzheimer_evidence)
ME_M954	0.08201295843513415	0.39877624641613624	-0.06177405904582773	0.5253555642366162	0.03970539897212558	0.6832809266201747	-0.12723092167998803	0.18946057415980283	-0.0400928700742404	0.6803579330243007	0.12723092167998803	954	CT	34	therapeutic_targets	954	1254.7801418439717	405	267	228	38	14	1	3	RIOK2(kinase;enzyme;known_drug_target;Alzheimer_evidence);OGG1(enzyme;known_drug_target;Alzheimer_evidence);COPZ1(Alzheimer_evidence);GBF1(Alzheimer_evidence);NISCH(Alzheimer_evidence);VPS28(Alzheimer_evidence);MRPS27(Alzheimer_evidence);COG8(Alzheimer_evidence);BRD8(known_drug_target;Alzheimer_evidence);APOB(Alzheimer_evidence);FGGY(kinase;enzyme;Alzheimer_evidence);CEP68(Alzheimer_evidence);TYW1(Alzheimer_evidence);BCR(known_drug_target;Alzheimer_evidence);NUP155(Alzheimer_evidence);DRG2(Alzheimer_evidence);COPE(Alzheimer_evidence);MTX1(Alzheimer_evidence);ZNF763(transcription_factor;Alzheimer_evidence);DDT(enzyme;known_drug_target;Alzheimer_evidence);SLC39A13(transporter;known_drug_target;Alzheimer_evidence);ZNF700(transcription_factor;Alzheimer_evidence);IRAK1BP1(kinase;enzyme;receptor;Alzheimer_evidence);SMARCA2(known_drug_target;Alzheimer_evidence);WWP2(enzyme;Alzheimer_evidence)	RIOK2(kinase;enzyme;known_drug_target;Alzheimer_evidence);OGG1(enzyme;known_drug_target;Alzheimer_evidence);COPZ1(Alzheimer_evidence);GBF1(Alzheimer_evidence);NISCH(Alzheimer_evidence);VPS28(Alzheimer_evidence);MRPS27(Alzheimer_evidence);COG8(Alzheimer_evidence);BRD8(known_drug_target;Alzheimer_evidence);APOB(Alzheimer_evidence);FGGY(kinase;enzyme;Alzheimer_evidence);CEP68(Alzheimer_evidence);TYW1(Alzheimer_evidence);BCR(known_drug_target;Alzheimer_evidence);NUP155(Alzheimer_evidence);DRG2(Alzheimer_evidence);COPE(Alzheimer_evidence);MTX1(Alzheimer_evidence);ZNF763(transcription_factor;Alzheimer_evidence);DDT(enzyme;known_drug_target;Alzheimer_evidence)
ME_M959	0.07794681704431711	0.4226442389027892	0.09904328264996132	0.3078133295576763	-0.1293789143099857	0.18203476543766534	0.0312805951855378	0.7479273753434039	0.10207061643400074	0.29318779649072735	0.1293789143099857	959	CT	35	therapeutic_targets	959	1948.9019933554816	650	407	332	80	15	3	5	APH1B(Alzheimer_evidence);PSAP(receptor;known_drug_target;Alzheimer_evidence);H2BC4(Alzheimer_evidence);SNRPE(Alzheimer_evidence);SNRPD2(Alzheimer_evidence);APH1A(Alzheimer_evidence);NOC3L(Alzheimer_evidence);ZKSCAN1(transcription_factor;Alzheimer_evidence);SREBF1(transcription_factor;Alzheimer_evidence);PFKL(enzyme;Alzheimer_evidence);PSKH1(kinase;enzyme;known_drug_target;Alzheimer_evidence);CCDC88A(Alzheimer_evidence);ILF3(Alzheimer_evidence);FAHD2A(enzyme;Alzheimer_evidence);NDUFS4(Alzheimer_evidence);CSNK2B(kinase;enzyme;known_drug_target;Alzheimer_evidence);FADS1(enzyme;Alzheimer_evidence);TCN2(Alzheimer_evidence);TET2(enzyme;Alzheimer_evidence);PPIG(enzyme;Alzheimer_evidence);PDE3A(enzyme;known_drug_target;Alzheimer_evidence);TRIOBP(Alzheimer_evidence);DENND3(Alzheimer_evidence);STRADA(known_drug_target;Alzheimer_evidence);KMT5B(enzyme;known_drug_target;Alzheimer_evidence)	APH1B(Alzheimer_evidence);PSAP(receptor;known_drug_target;Alzheimer_evidence);H2BC4(Alzheimer_evidence);SNRPE(Alzheimer_evidence);SNRPD2(Alzheimer_evidence);APH1A(Alzheimer_evidence);NOC3L(Alzheimer_evidence);ZKSCAN1(transcription_factor;Alzheimer_evidence);SREBF1(transcription_factor;Alzheimer_evidence);PFKL(enzyme;Alzheimer_evidence);PSKH1(kinase;enzyme;known_drug_target;Alzheimer_evidence);CCDC88A(Alzheimer_evidence);ILF3(Alzheimer_evidence);FAHD2A(enzyme;Alzheimer_evidence);NDUFS4(Alzheimer_evidence);CSNK2B(kinase;enzyme;known_drug_target;Alzheimer_evidence);FADS1(enzyme;Alzheimer_evidence);TCN2(Alzheimer_evidence);TET2(enzyme;Alzheimer_evidence);PPIG(enzyme;Alzheimer_evidence)
ME_M1075	-0.03592123197643128	0.7120683100144858	0.055732052407233	0.5667188149506639	0.09309044955060361	0.3379366985310262	-0.019881346725316676	0.8381745452140857	-0.00047695031986759624	0.996091229591236	0.09309044955060361	1075	CT	36	therapeutic_targets	1075	1410.323374340949	501	326	238	45	19	2	2	SMPD1(enzyme;known_drug_target;Alzheimer_evidence);NDUFB7(Alzheimer_evidence);KAT5(transcription_factor;known_drug_target;Alzheimer_evidence);COG8(Alzheimer_evidence);GOLGA2(Alzheimer_evidence);CYB5R4(enzyme;Alzheimer_evidence);MAP2K7(kinase;enzyme;known_drug_target;Alzheimer_evidence);DHX30(Alzheimer_evidence);RRM2B(enzyme;known_drug_target;Alzheimer_evidence);HAGH(enzyme;Alzheimer_evidence);CAND2(Alzheimer_evidence);NRF1(Alzheimer_evidence);SLC6A1(transporter;known_drug_target;Alzheimer_evidence);ARHGAP8(Alzheimer_evidence);CKAP5(Alzheimer_evidence);AKT1(kinase;enzyme;known_drug_target;Alzheimer_evidence);FOXRED2(transcription_factor;Alzheimer_evidence);BORCS5(Alzheimer_evidence);IPO9(Alzheimer_evidence);PHTF2(transcription_factor;Alzheimer_evidence);ZMYM2(transcription_factor;Alzheimer_evidence);CYTH1(Alzheimer_evidence);MKRN1(enzyme;transcription_factor;Alzheimer_evidence);ADCK1(kinase;enzyme;known_drug_target;Alzheimer_evidence);SLC2A4(transporter;known_drug_target;Alzheimer_evidence)	SMPD1(enzyme;known_drug_target;Alzheimer_evidence);NDUFB7(Alzheimer_evidence);KAT5(transcription_factor;known_drug_target;Alzheimer_evidence);COG8(Alzheimer_evidence);GOLGA2(Alzheimer_evidence);CYB5R4(enzyme;Alzheimer_evidence);MAP2K7(kinase;enzyme;known_drug_target;Alzheimer_evidence);DHX30(Alzheimer_evidence);RRM2B(enzyme;known_drug_target;Alzheimer_evidence);HAGH(enzyme;Alzheimer_evidence);CAND2(Alzheimer_evidence);NRF1(Alzheimer_evidence);SLC6A1(transporter;known_drug_target;Alzheimer_evidence);ARHGAP8(Alzheimer_evidence);CKAP5(Alzheimer_evidence);AKT1(kinase;enzyme;known_drug_target;Alzheimer_evidence);FOXRED2(transcription_factor;Alzheimer_evidence);BORCS5(Alzheimer_evidence);IPO9(Alzheimer_evidence);PHTF2(transcription_factor;Alzheimer_evidence)
ME_M1088	0.11931437983308248	0.21872630536010368	-0.006251105585478291	0.9488045360570068	0.11149945317933677	0.2506222062901133	-0.1074983158474675	0.26813474067783205	0.04595121896810317	0.6367612554867272	0.11931437983308248	1088	CT	37	therapeutic_targets	1088	1459.288844621514	480	307	257	51	15	1	4	NDUFA9(enzyme;Alzheimer_evidence);GBF1(Alzheimer_evidence);EMC4(Alzheimer_evidence);NVL(Alzheimer_evidence);TRAPPC11(Alzheimer_evidence);NDUFS6(enzyme;Alzheimer_evidence);SLC25A6(transporter;known_drug_target;Alzheimer_evidence);NUP155(Alzheimer_evidence);APBB3(Alzheimer_evidence);SLCO2A1(transporter;known_drug_target;Alzheimer_evidence);CACNA1S(ion_channel;known_drug_target;Alzheimer_evidence);DRG2(Alzheimer_evidence);ZNF717(transcription_factor;Alzheimer_evidence);EPSTI1(Alzheimer_evidence);CA4(enzyme;known_drug_target;Alzheimer_evidence);HMGCS1(enzyme;known_drug_target;Alzheimer_evidence);LETM2(transporter;known_drug_target;Alzheimer_evidence);RHOT2(Alzheimer_evidence);ACTB(Alzheimer_evidence);FBN1(known_drug_target;Alzheimer_evidence);NUP107(Alzheimer_evidence);NHP2(Alzheimer_evidence);ASL(enzyme;Alzheimer_evidence);KXD1(Alzheimer_evidence);FARP2(Alzheimer_evidence)	NDUFA9(enzyme;Alzheimer_evidence);GBF1(Alzheimer_evidence);EMC4(Alzheimer_evidence);NVL(Alzheimer_evidence);TRAPPC11(Alzheimer_evidence);NDUFS6(enzyme;Alzheimer_evidence);SLC25A6(transporter;known_drug_target;Alzheimer_evidence);NUP155(Alzheimer_evidence);APBB3(Alzheimer_evidence);SLCO2A1(transporter;known_drug_target;Alzheimer_evidence);CACNA1S(ion_channel;known_drug_target;Alzheimer_evidence);DRG2(Alzheimer_evidence);ZNF717(transcription_factor;Alzheimer_evidence);EPSTI1(Alzheimer_evidence);CA4(enzyme;known_drug_target;Alzheimer_evidence);HMGCS1(enzyme;known_drug_target;Alzheimer_evidence);LETM2(transporter;known_drug_target;Alzheimer_evidence);RHOT2(Alzheimer_evidence);ACTB(Alzheimer_evidence);FBN1(known_drug_target;Alzheimer_evidence)
ME_M1110	-0.11391422510562194	0.24044241966371532	-0.0904038805569345	0.3521228407328571	-0.11782651958378376	0.22456589196152005	0.004971379709102072	0.9592751353318082	-0.12456079335655824	0.19899517261359687	0.12456079335655824	1110	CT	38	therapeutic_targets	1110	1386.9855072463768	448	262	238	58	12	1	3	ADRA2A(known_drug_target;Alzheimer_evidence);BMS1(Alzheimer_evidence);RRP15(Alzheimer_evidence);COPA(receptor;known_drug_target;Alzheimer_evidence);DHX37(Alzheimer_evidence);LTV1(Alzheimer_evidence);WRAP53(Alzheimer_evidence);NRIP1(nuclear_receptor;receptor;Alzheimer_evidence);PIP5K1A(kinase;enzyme;known_drug_target;Alzheimer_evidence);BRD2(known_drug_target;Alzheimer_evidence);USP6NL(Alzheimer_evidence);CAPNS1(enzyme;Alzheimer_evidence);ATF5(transcription_factor;Alzheimer_evidence);PNO1(Alzheimer_evidence);ARPC4(Alzheimer_evidence);MTHFD1L(enzyme;Alzheimer_evidence);PSME4(Alzheimer_evidence);NUP88(Alzheimer_evidence);GSTO1(enzyme;known_drug_target;Alzheimer_evidence);ALDH8A1(enzyme;Alzheimer_evidence);LGMN(enzyme;known_drug_target;Alzheimer_evidence);ARPC2(Alzheimer_evidence);EEA1(transcription_factor;Alzheimer_evidence);MPV17L2(Alzheimer_evidence);SEC61G(Alzheimer_evidence)	ADRA2A(known_drug_target;Alzheimer_evidence);BMS1(Alzheimer_evidence);RRP15(Alzheimer_evidence);COPA(receptor;known_drug_target;Alzheimer_evidence);DHX37(Alzheimer_evidence);LTV1(Alzheimer_evidence);WRAP53(Alzheimer_evidence);NRIP1(nuclear_receptor;receptor;Alzheimer_evidence);PIP5K1A(kinase;enzyme;known_drug_target;Alzheimer_evidence);BRD2(known_drug_target;Alzheimer_evidence);USP6NL(Alzheimer_evidence);CAPNS1(enzyme;Alzheimer_evidence);ATF5(transcription_factor;Alzheimer_evidence);PNO1(Alzheimer_evidence);ARPC4(Alzheimer_evidence);MTHFD1L(enzyme;Alzheimer_evidence);PSME4(Alzheimer_evidence);NUP88(Alzheimer_evidence);GSTO1(enzyme;known_drug_target;Alzheimer_evidence);ALDH8A1(enzyme;Alzheimer_evidence)
ME_M1112	-0.10767869785041281	0.26732782360276797	0.004871687728405759	0.9600911198665858	-0.08259341728869327	0.39543549368473474	0.0008167901260866515	0.9933061775795264	0.008684398661511251	0.9289210456429536	0.10767869785041281	1112	CT	39	therapeutic_targets	1112	1579.8013392857142	523	319	276	53	21	1	4	NDUFS2(enzyme;Alzheimer_evidence);NDUFA9(enzyme;Alzheimer_evidence);MASTL(kinase;enzyme;known_drug_target;Alzheimer_evidence);RRP15(Alzheimer_evidence);COPG1(Alzheimer_evidence);NUP93(Alzheimer_evidence);PPAN(Alzheimer_evidence);NRIP1(nuclear_receptor;receptor;Alzheimer_evidence);MMP25(enzyme;known_drug_target;Alzheimer_evidence);PFKP(enzyme;Alzheimer_evidence);CAPN1(enzyme;known_drug_target;Alzheimer_evidence);CHRNA7(ion_channel;receptor;known_drug_target;Alzheimer_evidence);ARPC5L(Alzheimer_evidence);HES4(transcription_factor;Alzheimer_evidence);ACTR2(Alzheimer_evidence);TESC(Alzheimer_evidence);OLFM4(Alzheimer_evidence);TOMM40(Alzheimer_evidence);ATP6V0A2(known_drug_target;Alzheimer_evidence);BZW2(Alzheimer_evidence);SEH1L(Alzheimer_evidence);ANAPC1(Alzheimer_evidence);E2F3(transcription_factor;Alzheimer_evidence);FNIP2(Alzheimer_evidence);MTMR2(enzyme;Alzheimer_evidence)	NDUFS2(enzyme;Alzheimer_evidence);NDUFA9(enzyme;Alzheimer_evidence);MASTL(kinase;enzyme;known_drug_target;Alzheimer_evidence);RRP15(Alzheimer_evidence);COPG1(Alzheimer_evidence);NUP93(Alzheimer_evidence);PPAN(Alzheimer_evidence);NRIP1(nuclear_receptor;receptor;Alzheimer_evidence);MMP25(enzyme;known_drug_target;Alzheimer_evidence);PFKP(enzyme;Alzheimer_evidence);CAPN1(enzyme;known_drug_target;Alzheimer_evidence);CHRNA7(ion_channel;receptor;known_drug_target;Alzheimer_evidence);ARPC5L(Alzheimer_evidence);HES4(transcription_factor;Alzheimer_evidence);ACTR2(Alzheimer_evidence);TESC(Alzheimer_evidence);OLFM4(Alzheimer_evidence);TOMM40(Alzheimer_evidence);ATP6V0A2(known_drug_target;Alzheimer_evidence);BZW2(Alzheimer_evidence)
ME_M1120	0.08654476961283161	0.3731402621439969	-0.11550559788330485	0.23389288331133296	-0.009366912000015212	0.9233512503130578	-0.0715269713992587	0.4619598444534996	-0.00953175859425232	0.922006529565815	0.11550559788330485	1120	CT	40	therapeutic_targets	1120	1283.854260089686	421	265	229	43	13	1	2	ACE(enzyme;known_drug_target;Alzheimer_evidence);SCARB1(receptor;Alzheimer_evidence);MDN1(Alzheimer_evidence);SNRK(kinase;enzyme;known_drug_target;Alzheimer_evidence);TTN(kinase;enzyme;known_drug_target;Alzheimer_evidence);PDE7B(enzyme;known_drug_target;Alzheimer_evidence);NOC3L(Alzheimer_evidence);NOX4(enzyme;known_drug_target;Alzheimer_evidence);NVL(Alzheimer_evidence);HIC1(transcription_factor;Alzheimer_evidence);KMT2B(enzyme;transcription_factor;known_drug_target;Alzheimer_evidence);SDCCAG8(Alzheimer_evidence);PSME4(Alzheimer_evidence);TFPI(enzyme;known_drug_target;Alzheimer_evidence);RPS6KC1(kinase;enzyme;known_drug_target;Alzheimer_evidence);OLFM4(Alzheimer_evidence);GAB2(Alzheimer_evidence);TAF1(transcription_factor;known_drug_target;Alzheimer_evidence);SLC38A9(transporter;known_drug_target;Alzheimer_evidence);EEA1(transcription_factor;Alzheimer_evidence);DRG2(Alzheimer_evidence);ZNF717(transcription_factor;Alzheimer_evidence);GTPBP2(Alzheimer_evidence);DOC2A(Alzheimer_evidence);NIT1(Alzheimer_evidence)	ACE(enzyme;known_drug_target;Alzheimer_evidence);SCARB1(receptor;Alzheimer_evidence);MDN1(Alzheimer_evidence);SNRK(kinase;enzyme;known_drug_target;Alzheimer_evidence);TTN(kinase;enzyme;known_drug_target;Alzheimer_evidence);PDE7B(enzyme;known_drug_target;Alzheimer_evidence);NOC3L(Alzheimer_evidence);NOX4(enzyme;known_drug_target;Alzheimer_evidence);NVL(Alzheimer_evidence);HIC1(transcription_factor;Alzheimer_evidence);KMT2B(enzyme;transcription_factor;known_drug_target;Alzheimer_evidence);SDCCAG8(Alzheimer_evidence);PSME4(Alzheimer_evidence);TFPI(enzyme;known_drug_target;Alzheimer_evidence);RPS6KC1(kinase;enzyme;known_drug_target;Alzheimer_evidence);OLFM4(Alzheimer_evidence);GAB2(Alzheimer_evidence);TAF1(transcription_factor;known_drug_target;Alzheimer_evidence);SLC38A9(transporter;known_drug_target;Alzheimer_evidence);EEA1(transcription_factor;Alzheimer_evidence)
